Workbook

Sheet Cover Page
A1: Vendor Security Assessment Toolkit by CORL Technologies
A12: Version 3.10

Sheet Instructions
A1: Tips for a smooth and timely assessment:
B2: 1. Respond to the questionnaire in the committed timeframe (usually 10-15 days). Your response time is part of the feedback provided to the client. 2. Provide information that is specific to the product/service being considered by/provided to the client. Although some of the questions are about your company’s infrastructure, it is important for CORL to assess the specific product(s)/service(s) being provided to the client. 3. Provide the requested artifacts with the questionnaire and fully complete the questionnaire to reduce follow up or additional document requests. 4. Contact CORL if you have questions or need clarification on the control questions. We are here to help you. 5. Contact CORL if there will be a delay in returning the questionnaire. We understand that delays can happen. Keeping us informed helps us keep your client up to date and helps reduce negative response time scores. 6. Respond to requests for clarification or additional artifacts in a timely manner.
A4: "IRQ" - Inherent Risk Questionnaire - Business Owner to Complete
B5: Avera Health Business Owner completes the Inherent Risk Questionnaire ("IRQ") to facilitate better understanding of the scope of business between the Vendor and the organization for the vendor security risk management project.
A7: "VPQ" - Vendor Profile Questionnaire - Vendor to Complete
B8: Please complete this questionnaire as it relates to the business relationship between your organization and Avera Health. In the "Disclosure Permitted?" column, please indicate if CORL Technologies may disclose the responses provided herein to other CORL Technologies clients who also utilize your organization as a vendor. Allowing such disclosure may expedite future assessments.
A10: Scope - Vendor to Complete
B11: Please identify all environments that will handle, process, transmit, or store Avera Health data. Please provided a response to all questions for each identified environment.
A13: "VSQ" - Vendor Security Questionnaire - Excel worksheets 1-17 herein - Vendor to Complete
B14: Avera Health is obligated by regulations and internal risk management policies to gain reasonable assurance that its vendors are protecting Avera Health data. To meet this obligation, Avera Health is requiring vendors to complete this Vendor Security Questionnaire (VSQ) within 10 business days of receiving it. All "N/A" and "Partial" responses MUST be accompanied by an explanation in the comments column. Any questions should be directed to CORL Client Engagement clientengagement@corltech.com.
A16: "Required Evidence" - Evidence and Assurances specific to CLIENT - Vendor to Provide
B17: Upon completion of this questionnaire, CORL and Avera Health will obtain evidence and assurances relating to the key controls as defined by the Avera Health team. Please indicate within the "Required Evidence" sheet whether you have provided the documentation requested by CORL and Avera Health. Instructions surrounding Evidence and Assurances: The Vendor Profile Questions (VPQ) & Scope sections include questions that relate to information about your organization and the products and services provided to Avera Health. The Vendor Security Questionnaire (worksheets 1-17) section relates to questions about overall security controls at the vendor level and product level. All responses require references to documents that provide evidence of the control. If your organization has received a current security certification, please provide documentation in lieu of evidence. Relevant security certifications include, SOC 2 Type 2 (must include Security TSP), HITRUST and/or ISO 27001. Please provide certification and/or evidence documents along with this completed questionnaire to CORL Technologies within 10 business days.

Sheet Data Validation Key
A1: Response Questions | B1: Data Classifications | C1: Types of Data: | D1: Type of Access | E1: Method of Access | F1: Volume of Records | G1: Financial Value | H1: Breah Business Impact | I1: Geographic Scope | J1: Size of Organization (# of Employees) | K1: How data is stored, hosted | L1: App / Product? | M1: Vendor Age / Business Relationship Length
A2: Yes | B2: Company Data | C2: PHI | D2: Intentionally Shared | E2: Electronic | F2: Most of our patients | G2: High | H2: High | I2: International | J2: > 100,000 | K2: In the Cloud | L2: Yes | M2: < 5 Years
A3: No | B3: Restricted Data | C3: PII | D3: Incidental Access | E3: Physical | F3: Most our employees | G3: Medium High | H3: Medium High | I3: National | J3: > 10,001 | K3: On our Network | L3: No | M3: 5 - 10 Years
A4: Partial | B4: Sensitive Data | C4: PCI | D4: No Access | E4: Electronic and Physical | F4: Data related to a specific business unit or division | G4: Medium | H4: Medium | I4: Single-State | J4: > 1001 | K4: At the Vendor's Location | M4: 11 - 20 Years
A5: N/A | B5: Internal Data | C5: Intellectual property | F5: Data related to a specific service line or facility | G5: Medium Low | H5: Medium Low | J5: > 501 | M5: > 20 Years
B6: Public Data | C6: PHI, PII | F6: Very specific and limited focus | G6: Low | H6: Low | J6: > 51
C7: PHI, PCI | G7: None | H7: None | J7: > 1
C8: PHI, Intellectual property
C9: PCI, PII
C10: PCI, Intellectual property
C11: PII, Intellectual property
C12: All Data types
A20: Key | C20: Overrides
A21: Tier 1 | C21: No Override
A22: Tier 2 | C22: Adequate
A23: Tier 3 | C23: Inadequate
A24: Conditional to other Questions | C24: N/A
A25: Response acceptance dependent on the business relationship btwn client and vendor
A26: Questions dependent on comments and QA by CE

Sheet IVPQ
A1: Initial Vendor Profile Questionnaire - for CLIENT NAME
A2: Vendor name: | D2: Name:
A3: Service(s) / Product(s) provided: | D3: Title:
A4: Vendor Website Domain(s): | D4: Email:
A5: Date Completed: | D5: Phone:
A6: Control Question # | B6: Control Name | C6: Control Questions | D6: Response: | E6: Comments/ Notes: | F6: Evidence Provided | G6: NIST SP800-53 R4: Control # | H6: HIPAA CFR Control Reference(s):
A7: Vendor Discovery Questions:
A8: 1.1 | B8: Accessible Data | C8: Will you have access to the following types of data: | G8: N/A | H8: N/A
A9: 1.1-a | B9: Accessible Data | C9: PHI (Protected Health Information) | G9: N/A | H9: N/A
A10: 1.1-b | B10: Accessible Data | C10: Intellectual Property | G10: N/A | H10: N/A
A11: 1.1-c | B11: Accessible Data | C11: Financial Property | G11: N/A | H11: N/A
A12: 1.1-d | B12: Accessible Data | C12: PII (Personally Identifiable Information) | G12: N/A | H12: N/A
A13: 1.1-e | B13: Accessible Data | C13: PCI (Payment Card Industry) | G13: N/A | H13: N/A
A14: 1.1-f | B14: Accessible Data | C14: Employee Information | G14: N/A | H14: N/A
A15: 1.2 | B15: Security Leadership | C15: Do you have a designated responsible leader for information security? If so, please explain their title and role in the comments section. | G15: N/A | H15: N/A
A16: 1.3 | B16: Security Assurances | C16: Has your company attained any of the following security certifications or external, independent validations of the following:? | G16: N/A | H16: N/A
A17: 1.3-a | B17: Security Assurances | C17: SOC (indicate SOC 1, 2 or 3 and type 1 or 2) | F17: Example evidence: certification document | G17: N/A | H17: N/A
A18: 1.3-b | B18: Security Assurances | C18: HITRUST | F18: Example evidence: certification document | G18: N/A | H18: N/A
A19: 1.3-c | B19: Security Assurances | C19: PCI Compliance | F19: Example evidence: certification document | G19: N/A | H19: N/A
A20: 1.3-d | B20: Security Assurances | C20: ISO 27001 | F20: Example evidence: certification document | G20: N/A | H20: N/A
A21: 1.3-e | B21: Security Assurances | C21: FedRAMP | F21: Example evidence: certification document | G21: N/A | H21: N/A
A22: 1.3-f | B22: Security Assurances | C22: HIPAA (please provide type of assessment performed and certifying organization in the comments section) | F22: Example evidence: certification document | G22: N/A | H22: N/A
A23: 1.3-g | B23: Security Assurances | C23: NIST (please provide type of assessment performed and certifying organization in the comments section) | F23: Example evidence: certification document | G23: N/A | H23: N/A
A24: 1.3-h | B24: Security Assurances | C24: Other? (please specify in the comments section) | F24: Example evidence: certification document | G24: N/A | H24: N/A
A25: 1.4 | B25: Cyber Liability Insurance | C25: Do you maintain cyber liability insurance in addition to general liability insurance? If Yes, please explain how much in the comments section. | F25: Example evidence: insurance policy | G25: N/A | H25: N/A
A26: 1.5 | B26: Contractors/Subcontractors | C26: Do you use any employees, contractors or subcontractors outside of the United States? | E26: Please list locations and approximate # of employees at each location | G26: N/A | H26: N/A
A27: 1.6 | B27: Contractors/Subcontractors | C27: Do any of your subcontractors (foreign or domestic) have access to sensitive and/or confidential data? If yes, please name the companies and services they provide to you in the comments section. | E27: Please provide a list of sub-contractors | G27: N/A | H27: N/A
A28: 1.7 | B28: Employee Screenings | C28: Do you conduct background checks for all employees, contractors and subcontractors? If not, for which areas/positions do you require a background check. Please explain in the comments section. | G28: PS-3 | H28: 164.308(a)(3)(ii)(B)
A29: 1.8 | B29: Data Storage | C29: Is this a remote hosted or cloud system? If yes, please answer the following questions. | G29: N/A | H29: N/A
A30: 1.8-a | B30: Data Storage | C30: Do you have any data centers outside of the United States? | G30: N/A | H30: N/A
A31: 1.8-b | B31: Data Storage | C31: Can data be restricted to be stored only within the United States? | G31: N/A | H31: N/A
A32: 1.9 | B32: Data Storage | C32: Will data be stored at an encrypted data center? | E32: Please list names of recognized data centers | G32: SC-13 | H32: 164.312(a)(2)(iv) 164.312(e)(2)(ii)
A33: 1.1 | B33: Data Center Security Assurances | C33: What certifications does your data center have or external, independent validations of the following:? | G33: N/A | H33: N/A
A34: 1.10-a | B34: Data Center Security Assurances | C34: SOC (indicate SOC 1, 2, or 3 and type 1 or 2) | G34: N/A | H34: N/A
A35: 1.10-b | B35: Data Center Security Assurances | C35: PCI Compliance | G35: N/A | H35: N/A
A36: 1.10-c | B36: Data Center Security Assurances | C36: HITRUST | G36: N/A | H36: N/A
A37: 1.10-d | B37: Data Center Security Assurances | C37: ISO 27001 | G37: N/A | H37: N/A
A38: 1.10-e | B38: Data Center Security Assurances | C38: FedRAMP | G38: N/A | H38: N/A
A39: 1.10-f | B39: Data Center Security Assurances | C39: HIPAA (please provide type of assessment performed and certifying organization in the comments section) | G39: N/A | H39: N/A
A40: 1.10-g | B40: Data Center Security Assurances | C40: NIST (please provide type of assessment performed and certifying organization in the comments section) | G40: N/A | H40: N/A
A41: 1.10-h | B41: Data Center Security Assurances | C41: Other (please specify in the comments section) | G41: N/A | H41: N/A
A42: 1.11 | B42: Data Breach History | C42: Has your organization ever experienced a data breach? If so, please explain in the comments box. | G42: N/A | H42: N/A

Sheet IRQ
A1: Inherent Risk Questionnaire ("IRQ")
A2: Official Name of Vendor: | D2: Vendor POC Name:
A3: Vendor-specific business unit / division, if applicable: | D3: Vendor POC Title:
A4: Vendor Website Domain(s): | D4: Vendor POC Email:
A5: Date IRQ Completed: | D5: Vendor POC Phone #:
A6: Control Question # | B6: Control Name | C6: Control Questions | D6: Response | E6: Notes
A7: Inherent Risk Questions:
A8: 1 | B8: Products and Applications | C8: Does your organization use a vendor specific service/product(s)? (if "Yes" please list the names of the services/products in "Notes")
A9: 2 | B9: Accessible Data | C9: Type of data vendor will have access to:
A10: 3 | B10: Data Storage | C10: Where will the data of your organization be stored, hosted?
A11: 4 | B11: Report Support | C11: Does vendor provide remote support?
A12: 5 | B12: Records | C12: Volume of your organization's records accessible by vendor:
A13: 6 | B13: Vendor Business Operations | C13: Geographic scope of the vendor (if vendor has international operations, please list country name(s) in "Notes"):
A14: 7 | B14: Vendor Age | C14: How long has the vendor been in business in general?
A15: 8 | B15: Business Relationship Length | C15: How long has the vendor been in business with your organization?
A16: 9 | B16: Annual Revenue | C16: What is the vendor's annual revenue?
A17: 10 | B17: Vendor Size | C17: Size of the vendor (# of employees):
A18: 11 | B18: Business Associate Agreement (BAA) | C18: Is there an executed Business Associate Agreement between your organization and the vendor?
A19: 12 | B19: Information Security Agreement (ISA) | C19: Is there an executed Information Security Agreement between your organization and the vendor?
A20: 13 | B20: Security Assessment Activities | C20: Has your organization completed security assessment activities on the vendor in the past? (if "Yes" please describe the assessment scope and approximate timeframe in "Notes"):

Sheet Vendor Profile Questionnaire
A1: Instructions: Please complete this questionnaire as it relates to the business relationship between your organization and Avera Health. In the "Disclosure Permitted?" column, please indicate if CORL Technologies may disclose the responses provided herein to other CORL Technologies clients who also utilize PeriGen. Allowing such disclosure may expedite future assessments.
A2: Initial Vendor Profile Questionnaire - on behalf of Avera Health
A3: PeriGen: | D3: Name: | E3: Bruno Bendavid
A4: Service(s) / Product(s) provided: | B4: PeriWatch Tracings | D4: Title: | E4: SVP Product Management
A5: Vendor Website Domain(s): | B5: www.perigen.com | D5: Email: | E5: bruno.bendavid@perigen.com
A6: Date Completed: | D6: Phone: | E6: 514-978-0611
A7: Vendor Discovery Questions:
A8: Questions | B8: Response | C8: Disclosure Permitted? | D8: Comments
A10: Does PeriGen have a designated leader responsible for information security? | B10: Yes | C10: Yes
A11: Name of Information Security leader? | B11: Bruno Bendavid | C11: Yes
A12: Title | B12: SVP Product Management | C12: Yes
A13: Role | B13: Direct/Manage/Prioritize product content and schedules | C13: Yes
A14: Does PeriGen employ an information security team? | B14: No | C14: Yes
A15: Number of full-time information security personnel? | C15: Yes
A16: Does PeriGen employ an incident response officer? | B16: Yes | C16: Yes
A17: Name of incident response officer? | B17: Bruno Bendavid | C17: Yes
A18: Title | B18: SVP Product Management | C18: Yes
A19: Email | B19: bruno.bendavid@perigen.com | C19: Yes
A20: Phone | B20: 514-978-0611 | C20: Yes
A21: Does PeriGen outsource information security functions to a third party? If yes, please provide the name and scope of services provided in the comments section. | B21: Yes | C21: Yes | D21: DSI Tech (https://dsitech.com/) which provide IT management and support
A22: Does VENDOR maintain cyber liability insurance in addition to general liability insurance? If Yes, please explain how much in the comments section. | B22: Yes | C22: No | D22: 5,000,000$
A23: Does PeriGen have any employees or physical office locations outside of the United States? | B23: Yes | C23: Yes
A24: Is any Avera Health data accessed, transmitted, or stored outside of the United States? | B24: No | C24: Yes
A25: What year was PeriGen founded? | B25: 36164 | C25: Yes
A26: Approximately how many people does PeriGen employ? | B26: <100 | C26: Yes
A27: Has PeriGen ever experienced a data breach? If so, please explain in the comments section. | B27: No | C27: Yes
A28: Is there a current BAA in place? | B28: Yes | C28: Yes
A29: Does PeriGen utilize any subcontractors with access Avera Health data? If yes, please provide the name of the subcontractor(s) in the comments section. | B29: No | C29: Yes
A30: Please describe how your organization obtains data from Avera Health. Include file type(s) and the medium(s) utilized to transmit the data (e.g., SFTP, Encrypted email). | B30: All connectivity is done via SecureLink. Not data is transmitted outside Avera's netwrok. | C30: N/A

Sheet Scope
A1: Vendor Scope Questions
A2: Instructions: Please identify all environments that will handle, process, transmit, or store Avera Health data. Please provided a response to all questions for each identified environment. | B2: PeriWatch Tracings - Avera Enterprise instance | D2: Environment 2 | F2: Environment 3
B3: Response | C3: Comments | D3: Response | E3: Comments | F3: Response | G3: Comments
A4: Please identity the environment (e.g., back office, data center, application's/software's name, service/solution name) in the "response" column and provide a brief description in the comments section: | B4: Client -server application hosted at the data center
A5: Is the identified environment either of the following:
A6: Service | B6: No
A7: Product | B7: Yes | C7: PeriWatch Tracings
A8: What is the volume of Avera Health records that the identified environment will transmit, process, or store? | B8: Only L&D records so a function of birth rate | C8: Data is only stored on hospital hosted servers. An estimate of volume of data stored on hospital servers including long term archive files is ~10GB (steady state) + 5GB per year as continuous archive files per pregnancy
A9: Please indicate if the identified environment will: | B9: If "yes", please provide details in the comments section.
A10: have access into the Avera Health's network for remote Support | B10: Yes | C10: Remote support is only provided by SecureLink (Avera approved)
A11: have access into the Avera Health's network to provide onsite support | B11: Yes | C11: Only on Avera's request
A12: Have access to infrastructure that stores or transmits Avera Health data: | B12: Yes | C12: Only via HL7
A13: Have access to a database or application that stores or transmits Avera Health data: | B13: Yes | C13: Only via HL7
A14: Receive transmitted data from Avera Health | B14: Yes | C14: Only via HL7
A15: Not access Avera Health's information
A16: What types of Avera Health information will the identified environment have access to: | B16: If "yes", please provide details in the comments section.
A17: PHI (Protected Health Information) | B17: Yes
A18: PII (Personally Identifiable Information) | B18: Yes
A19: PCI (Payment Card Industry) | B19: No
A20: Employee Information | B20: No
A21: Avera Health Internal/Proprietary Information | B21: No
A22: Please indicate if the identified environment will utilize the following device(s) to access and/or transmit Avera Health data: | B22: If "yes", please provide details in the comments section.
A23: Workstation | B23: Yes | C23: Client application is installed on applicable workstations where clinicians can see real-time vitals and chart applicable data to the patient record. Data is then trasmitted from the server to the EMR over HL7
A24: Mobile Device | B24: No
A25: Medical Device | B25: Yes | C25: Fetal monitors
A26: Other Method? Please explain in the comments section | B26: No
A27: Please indicate all locations where the data will be stored for the identified environment: | B27: If "yes", please provide details in the comments section.
A28: Avera Health Data Center | B28: Yes
A29: PeriGen Data Center | B29: No
A30: 3rd Party Data Center | B30: No
A31: Workstation | B31: No
A32: Mobile Device | B32: No
A33: Medical Device | B33: No
A34: Other? Please explain in the comments section | B34: No
A35: Does the identified environment maintain any of the following security assurances:
A36: SSAE 16 / SOC 1 Type 1 | B36: No | C36: The system is fully hosted by Avera therefore our understanding is that the question in this section apply to Avera
A37: SSAE 16 / SOC 1 Type 2 | B37: No
A38: SOC 2 Type 1 | B38: No
A39: SOC 2 Type 2 | B39: No
A40: SOC 3 | B40: No
A41: HITRUST | B41: No
A42: PCI Compliance | B42: No
A43: ISO 27001:2013 | B43: No
A44: FedRAMP | B44: No
A45: HIPAA (please provide type of assessment performed and certifying organization in the comments section) | B45: No
A46: NIST (please provide type of assessment performed and certifying organization in the comments section) | B46: No
A47: Other? (please specify in the comments section) | B47: No
A48: Is any of the Avera Health data not covered by the scope of the above identified certifications? | B48: No
A49: Is all Avera Health data encrypted at rest within the identified environment? If so, please provide the level of encryption utilized in the comments section | B49: No | C49: Data at rest on the server is optional with SQL Enterprise TDE. Archives file are archived as encrypted and compressed files.
A50: Does PeriGen adhere to information system security engineering principles in the specification, design, development, implementation, and modification of the identified environment? | B50: Yes
A51: For the identified environment, may CORL Technologies disclose the responses provided herein to other CORL Technologies clients who also utilize PeriGen? Allowing such disclosure may expedite future assessments. | B51: Yes

Sheet Network_Architecture_Diagrams
A1: Objective: | B1: Summary/Explanation (if diagrams are not available): | C1: Evidence/Assurance
A2: Please provide any and all network architecture diagram(s) within this worksheet: | C2: Please attach network architecture diagram(s) or provide screenshots below:

Sheet Connectivity Mapping
A1: Objective: | B1: Summary/Explanation: | C1: Evidence/Assurance
A2: Please provide a summary of how you will be connecting to the Avera Health Network (if applicable) | C2: If necessary please provide supporting documentation

Sheet Required Evidence
A1: Key Control Question Reference # | B1: Key Control: | C1: Control Area # | D1: Evidence Requested: | E1: Provided to CORL? | F1: Vendor Comments
A2: AC-2.1 - AC-2.5 | B2: Account Management | C2: AC-2 | D2: Provide Policy and procedures for managing accounts, including - creating, modifying, monitoring, and deleteing/disabling accounts.
A3: AC-17.1 - AC-17.3 | B3: Remote Access | C3: AC-17 | D3: Provide policy and procedure for remote access
A4: AC-3.1 | B4: Wireless Access | C4: AC-3 | D4: Provide Wireless Access Policy and Procedures
A5: AU-1.1 | B5: Audit and Accountability | C5: AU-1 | D5: Provide Audit log policy and procedures
A6: CM-2.1 | B6: Baseline Configuration | C6: CM-2 | D6: Provide the most recent Baseline Configuration document for the information system (e.g., hardening procedures for Window OS, baseline security settings for sever AND application builds.)
A7: CM-3.1 - CM-3.6 | B7: Configuration Change Control | C7: CM-3 | D7: Configuration Change Control procedures
A8: CM-5.1 | B8: Access Restrictions for Change | C8: CM-5 | D8: Configuration Change Control procedures
A9: CM-6.1 - CM-6.3 | B9: Configuration Settings | C9: CM-6 | D9: Provide report monitoring records related to most recent changes to the Configuration settings information system
A10: CM-7.1 | B10: Least Functionality | C10: CM-7 | D10: (See CM 2.1 - Most recent Baseline Configuration)
A11: CM-8.1 - CM-8.2 | B11: Information System Component Inventory | C11: CM-8 | D11: Provide documentation that demonstrates information system Component Inventory is maintained and kept up to date.
A12: CM-9.1 - CM-9.4 | B12: Configuration Management Plan | C12: CM-9 | D12: Provide Software Development/Deployment Life Cycle (SDLC) documentation which includes secure coding procedures, where applicable.
A13: CM-10.1 | B13: Software Usage Restrictions | C13: CM-10 | D13: Provide Acceptable Use policy. Provide samples of software licensing documentation.
... A32: IR-8 | B32: Incident Response Plan | C32: IR-8 | D32: Is there a comprehensive Incident Response Plan? If so, please attach.

Sheet 1. Access Controls
A1: Control Question # | B1: NIST SP800-53 R4: Control # | C1: HIPAA CFR Control Reference(s) | D1: HITRUST CSF | E1: Control Name | F1: Security Questions: | G1: =Scope!$B$4 & " Response:" -> Client -server application hosted at the data center Response: | H1: =Scope!$B$4 &" Comments:" -> Client -server application hosted at the data center Comments: | I1: =Scope!$D$4 & " Response:" -> Response: | J1: =Scope!$D$4 & " Comments:" -> Comments: | K1: =Scope!$F$4 & " Response:" -> Response: | L1: =Scope!$F$4 & " Comments:" -> Comments:
A2: Access Control
A3: AC-1.1 | B3: AC-1 | C3: 164.308(a)(3)(i) 164.308(a)(3)(ii)(A) 164.308(a)(4)(i) 164.308(a)(4)(ii)(B) 164.308(a)(4)(ii)(C) 164.312(a)(1) | D3: 01.a 01.i 04.a | E3: Access Control Policy and Procedures | F3: Are there formally documented policies and procedures for access control? If yes, please attach. | H3: Comment is required | J3: Comment is required | L3: Comment is required
A4: AC-2.1 | B4: AC-2 | C4: 164.308(a)(3)(ii)(A) *From AC-13 164.308(a)(3)(ii)(B) 164.308(a)(4)(i) 164.308(a)(4)(ii)(B) 164.308(a)(4)(ii)(C) 164.308(a)(5)(ii)(C) 164.312(a)(2)(i) 164.312(a)(2)(ii) | D4: 01.b 01.c 01.e 02.i | E4: Account Management | F4: Do you have a process for managing accounts, including - creating, modifying, monitoring, and deleting/disabling accounts? | H4: Comment is required | J4: Comment is required | L4: Comment is required
A5: AC-2.2 | F5: Are accounts reviewed on a periodic basis? If yes, include timeframe in comment. | H5: Comment is required | J5: Comment is required | L5: Comment is required
A6: AC-2.3 | F6: Have all guest, shared (other than Admin/Root), or group accounts been removed or disabled? | H6: Comment is required | J6: Comment is required | L6: Comment is required
A7: AC-2.4 | F7: Are account managers notified when accounts are no longer required, when users are terminated or transferred, or when individual access requirements change? | H7: Comment is required | J7: Comment is required | L7: Comment is required
A8: AC-2.5 | F8: Is approval from an authorized signer required before provisioning accounts? | H8: Comment is required | J8: Comment is required | L8: Comment is required
A9: AC-3.1 | B9: AC-3 | C9: 164.308(a)(3)(ii)(A) 164.308(a)(4)(ii)(B) 164.308(a)(4)(ii)(C) 164.310(a)(2)(iii) 164.310(b) 164.312(a)(1) 164.312(a)(2)(i) 164.312(a)(2)(ii) 164.312(a)(2)(iv) | D9: 01.s 01.v | E9: Access Enforcement | F9: Does the information system verify the rights of a user to access the information system? (Access Control Lists, Group/Role membership?) If yes, detail how the access is enforced in the comment. | H9: Comment is required | J9: Comment is required | L9: Comment is required
A10: AC-3.2 | B10: N/A | F10: Does the information system support role-based account management and access controls (RBAC)? | H10: Comment is required | J10: Comment is required | L10: Comment is required
A11: AC-3.3 | B11: N/A | F11: If RBAC is supported, can a customer administrator create/customize unique roles and permissions. | H11: Comment is required | J11: Comment is required | L11: Comment is required
A12: AC-4.1 | B12: AC-4 | C12: 164.308(a)(3)(ii)(A) 164.308(a)(4)(ii)(B) 164.310(b) | D12: 01.m 01.o | E12: Information Flow Enforcement | F12: Is the flow of sensitive information secured between interconnected systems? (Firewall rule sets - iptables, proxies, encrypted tunnels.) | H12: Comment is required | J12: Comment is required | L12: Comment is required
A13: AC-5.1 | B13: AC-5 | C13: 164.308(a)(3)(i) 164.308(a)(4)(i) 164.308(a)(4)(ii)(A) 164.312(a)(1) | E13: Separation of Duties | F13: Is separation of duties implemented? (E.g., Mission functions and support functions divided among personnel, different administrative accounts for different roles.) | H13: Comment is required | J13: Comment is required | L13: Comment is required
A14: AC-6.1 | B14: AC-6 | C14: 164.308(a)(3)(i) 164.308(a)(3)(ii)(A) *From AC-13 164.308(a)(4)(i) 164.308(a)(4)(ii)(A) 164.308(a)(4)(ii)(B) *From AC-13 164.308(a)(5)(ii)(C) *From AC-13 164.312(a)(1) | D14: 01.c 01.s 01.v | E14: Least Privilege | F14: Is least privilege employed? (I.e., must administrators switch to the root or a separate administrator account to perform administrative functions/make system changes?) | H14: Comment is required | J14: Comment is required | L14: Comment is required
A15: AC-7.1 | B15: AC-7 | D15: 01.p | E15: Unsuccessful Logon Attempts | F15: Is an account automatically locked out after a set amount of attempts? If yes, please provide the number of failed attempts that trigger an account to be locked out, in the comments section. | H15: Comment is required | J15: Comment is required | L15: Comment is required
A16: AC-8.1 | B16: AC-8 | D16: 01.p 05.j | E16: System Use Notification | F16: Is there a system use notification displayed before granting access that provides privacy and security notices? | H16: Comment is required | J16: Comment is required | L16: Comment is required
A17: AC-9.1 | B17: AC-9 | D17: 01.p | E17: Previous Logon Notification | F17: Does the system display the last user logon date and time to the user? | H17: Comment is required | J17: Comment is required | L17: Comment is required
A18: AC-10.1 | B18: AC-10 | D18: 01.p | E18: Concurrent Session Control | F18: Does the system limit the number of concurrent sessions for the user? | H18: Comment is required | J18: Comment is required | L18: Comment is required
A19: AC-11.1 | B19: AC-11 | C19: 164.310(b) 164.312(a)(2)(iii) | D19: 01.g 01.h 01.t | E19: Session Lock | F19: Does the application/system have a session lock after a period of inactivity that requires a user to reauthenticate? | H19: Comment is required | J19: Comment is required | L19: Comment is required
A20: AC-12.1 | B20: AC-12 | C20: 164.310(b) 164.312(a)(2)(iii) | D20: 01.t | E20: Session Termination | F20: Does the application/system terminate the session after predefined circumstances? | H20: Comment is required | J20: Comment is required | L20: Comment is required
A21: AC-14.1 | B21: AC-14 | D21: 01.v | E21: Permitted Actions without Identification or Authentication | F21: Does the system prevent user actions that can be performed on the system without identification and authentication? | H21: Comment is required | J21: Comment is required | L21: Comment is required
A22: AC-16.1 | B22: AC-16 | C22: 164.310(b) | E22: Security Attributes | F22: Is protected health information identified as such with access only provided to authorized personnel? | H22: Comment is required | J22: Comment is required | L22: Comment is required
A23: AC-17.1 | B23: AC-17 | C23: 164.310(b) | D23: 01.i 01.j 01.n 01.x 01.y | E23: Remote Access | F23: Is remote access allowed from outside the network only through the use of the VPN client? | H23: Comment is required | J23: Comment is required | L23: Comment is required
A24: AC-17.2 | F24: Are there established and documented usage restrictions for those connections? | H24: Comment is required | J24: Comment is required | L24: Comment is required
A25: AC-17.3 | F25: Is remote access to the information system authorized prior to allowing such connections? | H25: Comment is required | J25: Comment is required | L25: Comment is required
A26: AVH-AC-17.4 | F26: All vendors and 3rd party consultants are required to utilize SecureLink for all remote access requests. Is your organization able to use SecureLink for all remote access requests? If not, please explain why not. Additionally, please provide the name and supplemental documentation of the remote access solution currently used by your organization for review by Avera's Information Security department in lieu of SecureLink | H26: Comment is required | J26: Comment is required | L26: Comment is required
A27: AC-18.1 | B27: AC-18 | D27: 01.i 01.j 01.n 01.x | E27: Wireless Access | F27: Does the information system and/or associated device allow wireless access and only connect to secure networks? (Network access, Bluetooth, infrared, etc.) | H27: Comment is required | J27: Comment is required | L27: Comment is required
A28: AC-19.1 | B28: AC-19 | C28: 164.310(b) | D28: 01.k 01.n 01.x | E28: Access Control for Mobile Devices | F28: Can users or administrators connect using mobile devices (i.e. iPad, Smart Phone, PDAs)? | H28: Comment is required | J28: Comment is required | L28: Comment is required
A29: AC-19.2 | F29: Are there established and documented usage restrictions for those connections? | H29: Comment is required | J29: Comment is required | L29: Comment is required
A30: AC-19.3 | F30: Is remote access to the information system authorized prior to allowing such connections? | H30: Comment is required | J30: Comment is required | L30: Comment is required
A31: AC-20.1 | B31: AC-20 | D31: 01.i 01.j 01.n 05.i | E31: Use of External Information Systems | F31: Does the information system have any trust relationships with external environments? (E.g., interconnection agreements with third parties.) | H31: Comment is required | J31: Comment is required | L31: Comment is required
A32: AC-20.2 | F32: Are there established terms and conditions to access, process, store, or transmit organizational information using their systems? | H32: Comment is required | J32: Comment is required | L32: Comment is required
A33: AC-21.1 | B33: AC-21 | D33: 01.c | E33: Information Sharing | F33: Does the organization facilitate information sharing by enabling authorized users to determine whether access authorizations assigned to the sharing partner match the access restriction on the information for the user? | H33: Comment is required | J33: Comment is required | L33: Comment is required
A34: AC-22.1 | B34: AC-22 | E34: Publicly Accessible Content | F34: Is there any publicly accessible information? | H34: Comment is required | J34: Comment is required | L34: Comment is required
A35: AC-22.2 | F35: Are designated individuals trained to post and review information on the publicly accessible site? | H35: Comment is required | J35: Comment is required | L35: Comment is required

Sheet 2. Awareness and Training
A1: Control Question # | B1: NIST SP800-53 R4: Control # | C1: HIPAA CFR Control Reference(s) | D1: HITRUST CSF | E1: Control Name | F1: Security Questions: | G1: =Scope!$B$4 & " Response:" -> Client -server application hosted at the data center Response: | H1: =Scope!$B$4 &" Comments:" -> Client -server application hosted at the data center Comments: | I1: =Scope!$D$4 & " Response:" -> Response: | J1: =Scope!$D$4 & " Comments:" -> Comments: | K1: =Scope!$F$4 & " Response:" -> Response: | L1: =Scope!$F$4 & " Comments:" -> Comments:
A2: Awareness and Training
A3: AT-1.1 | B3: AT-1 | C3: 164.308(a)(5)(i) | D3: 02.e 04.a | E3: Security Awareness and Training Policy and Procedures | F3: Are there formally documented procedures for security awareness and training for this information system? If yes, please attach. | H3: Comment is required | J3: Comment is required | L3: Comment is required
A4: AT-2.1 | B4: AT-2 | C4: 164.308(a)(5)(i) 164.308(a)(5)(ii)(A) 164.308(a)(5)(ii)(B) | D4: 02.e 05.j | E4: Security Awareness | F4: Is basic security awareness training performed for all personnel as a part of the onboarding process? | H4: Comment is required | J4: Comment is required | L4: Comment is required
A5: AT-2.2 | F5: Is it periodically performed for all users? | H5: Comment is required | J5: Comment is required | L5: Comment is required
A6: AT-3.1 | B6: AT-3 | C6: 164.308(a)(5)(i) | D6: 02.e 05.j | E6: Role-Based Security Training | F6: Is there role-based security training for personnel with assigned security roles and responsibilities for this information system before access is granted and when required by information system changes? | H6: Comment is required | J6: Comment is required | L6: Comment is required
A7: AT-4.1 | B7: AT-4 | C7: 164.308(a)(5)(i) | D7: 02.e | E7: Security Training Records | F7: Do you document and monitor information system security training activities for individuals? | H7: Comment is required | J7: Comment is required | L7: Comment is required

Sheet 3. Audit and Accountability
A1: Control Question # | B1: NIST SP800-53 R4: Control # | C1: HIPAA CFR Control Reference(s) | D1: HITRUST CSF | E1: Control Name | F1: Security Questions: | G1: =Scope!$B$4 & " Response:" -> Client -server application hosted at the data center Response: | H1: =Scope!$B$4 &" Comments:" -> Client -server application hosted at the data center Comments: | I1: =Scope!$D$4 & " Response:" -> Response: | J1: =Scope!$D$4 & " Comments:" -> Comments: | K1: =Scope!$F$4 & " Response:" -> Response: | L1: =Scope!$F$4 & " Comments:" -> Comments:
A2: Audit and Accountability
A3: AU-1.1 | B3: AU-1 | C3: 164.312(b) | D3: 02.a 04.a 04.b 05.a 05.b 05.c | E3: Audit and Accountability Policy and Procedures | F3: Are there formally documented audit and accountability procedures for this information system? If yes, please attach. | H3: Comment is required | J3: Comment is required | L3: Comment is required
A4: AU-2.1 | B4: AU-2 | C4: 164.308(a)(5)(ii)(C) 164.312(b) | D4: 01.s | E4: Audit Events | F4: Is the information system actively auditing events such as access to patient information, login/logoffs, account creation, etc.? If yes, please detail the events captured in the comment. | H4: Comment is required | J4: Comment is required | L4: Comment is required
A5: AU-2.2 | F5: Are the audit logs captured sufficient for incident response and system and user performance/investigation? | H5: Comment is required | J5: Comment is required | L5: Comment is required
A6: AU-3.1 | B6: AU-3 | C6: 164.312(b) | E6: Content of Audit Records | F6: Does the system create audit records that contain sufficient information to, at a minimum, establish what type of event occurred, when the event occurred, where the event occurred, the source of the event, the outcome (success or failure) of the event, and the identity of any user/subject associated with the event? | H6: Comment is required | J6: Comment is required | L6: Comment is required
A7: AU-4.1 | B7: AU-4 | C7: 164.312(b) | E7: Audit Storage Capacity | F7: Have you evaluated the audit storage capacity of this information system and determined that it is adequate? | H7: Comment is required | J7: Comment is required | L7: Comment is required
A8: AU-5.1 | B8: AU-5 | E8: Response to Audit Processing Failures | F8: Does the information system generate an alert that notifies the team in the event of an audit processing failure? | H8: Comment is required | J8: Comment is required | L8: Comment is required
A9: AU-6.1 | B9: AU-6 | C9: 164.308(a)(1)(ii)(D) 164.308(a)(3)(ii)(A) 164.308(a)(4)(i) 164.308(a)(5)(ii)(C) 164.312(b) | E9: Audit Review, Analysis, and Reporting | F9: Do you review the audit logs for indications of inappropriate or unusual activity and report those incidents to authorized personnel? | H9: Comment is required | J9: Comment is required | L9: Comment is required
A10: AU-7.1 | B10: AU-7 | C10: 164.308(a)(1)(ii)(D) 164.312(b) | E10: Audit Reduction and Report Generation | F10: Does the information system provide the capability to generate customizable audit reports? | H10: Comment is required | J10: Comment is required | L10: Comment is required
A11: AU-7.2 | F11: Does the generation of an audit report alter the original content or time stamp of the audit record? | H11: Comment is required | J11: Comment is required | L11: Comment is required
A12: AU-8.1 | B12: AU-8 | E12: Time Stamps | F12: Are the audit logs time stamped? (Date and Time) | H12: Comment is required | J12: Comment is required | L12: Comment is required
A13: AU-9.1 | B13: AU-9 | E13: Protection of Audit Information | F13: Does the system/application protect audit information from unauthorized access, modification, and deletion? | H13: Comment is required | J13: Comment is required | L13: Comment is required
A14: AU-11.1 | B14: AU-11 | E14: Audit Record Retention | F14: Does the information system retain audit records in accordance with implemented policies? | H14: Comment is required | J14: Comment is required | L14: Comment is required
A15: AU-12.1 | B15: AU-12 | E15: Audit Generation | F15: Can the information system be configured to select which auditable events are captured in the audit log? | H15: Comment is required | J15: Comment is required | L15: Comment is required

Sheet 4. Security Assessment
A1: Control Question # | B1: NIST SP800-53 R4: Control # | C1: HIPAA CFR Control Reference(s) | D1: HITRUST CSF | E1: Control Name | F1: Security Questions: | G1: =Scope!$B$4 & " Response:" -> Client -server application hosted at the data center Response: | H1: =Scope!$B$4 &" Comments:" -> Client -server application hosted at the data center Comments: | I1: =Scope!$D$4 & " Response:" -> Response: | J1: =Scope!$D$4 & " Comments:" -> Comments: | K1: =Scope!$F$4 & " Response:" -> Response: | L1: =Scope!$F$4 & " Comments:" -> Comments:
A2: Security Assessment and Authorization
A3: CA-1.1 | B3: CA-1 | C3: 164.308(a)(8) | D3: 02.a 04.a 04.b 05.a 05.b 05.c | E3: Security Assessment and Authorization Policies and Procedures | F3: Are there formally documented policies and procedures for Security Assessments and Authorizations? If yes, please attach. | H3: Comment is required | J3: Comment is required | L3: Comment is required
A4: CA-2.1 | B4: CA-2 | C4: 164.308(a)(2) *From CA-04 164.308(a)(8) | D4: 03.b 05.h 05.j 05.k | E4: Security Assessments | F4: Has the scope of the security assessment plan been addressed, and does it cover specific security controls and enhancements? | H4: Comment is required | J4: Comment is required | L4: Comment is required
A5: CA-2.2 | F5: Are interconnection security agreements documented? (e.g. interface characteristics, security requirements, data types transmitted) | H5: Comment is required | J5: Comment is required | L5: Comment is required
A6: CA-2.3 | F6: Are these connections monitored for compliance with the agreements? | H6: Comment is required | J6: Comment is required | L6: Comment is required
A7: CA-3.1 | B7: CA-3 | C7: 164.308(b)(1) 164.308(b)(4) 164.314(a)(2)(ii) | D7: 01.j 05.i 05.j 05.k | E7: System Interconnections | F7: Does this information system interface with any other information system? | H7: Comment is required | J7: Comment is required | L7: Comment is required
A8: CA-3.2 | F8: Are the interfaces that interconnect with this information system documented? | H8: Comment is required | J8: Comment is required | L8: Comment is required
A9: CA-3.3 | F9: Is there documentation on what information is communicated through that interface and what the security requirements are? | H9: Comment is required | J9: Comment is required | L9: Comment is required
A10: CA-5.1 | B10: CA-5 | D10: 03.c | E10: Plan of Action and Milestones | F10: Have previous assessment results been used to mitigate identified risks? | H10: Comment is required | J10: Comment is required | L10: Comment is required
A11: CA-6.1 | B11: CA-6 | C11: 164.308(a)(2) 164.308(a)(8) | D11: 05.d | E11: Security Authorization | F11: Is there an authorizing official for this environment? Can they decide if an environment is turned off if necessary? | H11: Comment is required | J11: Comment is required | L11: Comment is required
A12: CA-6.2 | F12: Have assessments been officially signed off? By whom? | H12: Comment is required | J12: Comment is required | L12: Comment is required
A13: CA-7.1 | B13: CA-7 | C13: 164.308(a)(1)(ii)(D) 164.308(a)(8) | D13: 05.h | E13: Continuous Monitoring | F13: Is there a continuous monitoring strategy? What metrics are used to ensure compliance? | H13: Comment is required | J13: Comment is required | L13: Comment is required
A14: CA-7.2 | F14: Are continuous monitoring results analyzed? | H14: Comment is required | J14: Comment is required | L14: Comment is required
A15: CA-7.3 | F15: Are security controls monitored for compliance? What actions are taken if components are deemed non-compliant? | H15: Comment is required | J15: Comment is required | L15: Comment is required
A16: CA-7.4 | F16: Are the results of continuous monitoring reported to an authorizing official? | H16: Comment is required | J16: Comment is required | L16: Comment is required
A17: CA-8.1 | B17: CA-8 | E17: Penetration Testing | F17: Does your organization do penetration testing on internal networks? | H17: Comment is required | J17: Comment is required | L17: Comment is required
A18: CA-9.1 | B18: CA-9 | E18: Internal System Connections | F18: Is there a device or component that is uniquely used with this system? (E.g., biomedical devices used particularly with this information system). | H18: Comment is required | J18: Comment is required | L18: Comment is required
A19: CA-9.2 | F19: Is there documentation on what information is communicated with that device, how it is transferred, and how the data is secured? | H19: Comment is required | J19: Comment is required | L19: Comment is required

Sheet 5. Configuration
A1: Control Question # | B1: NIST SP800-53 R4: Control # | C1: HIPAA CFR Control Reference(s) | D1: HITRUST CSF | E1: Control Name | F1: Security Questions: | G1: =Scope!$B$4 & " Response:" -> Client -server application hosted at the data center Response: | H1: =Scope!$B$4 &" Comments:" -> Client -server application hosted at the data center Comments: | I1: =Scope!$D$4 & " Response:" -> Response: | J1: =Scope!$D$4 & " Comments:" -> Comments: | K1: =Scope!$F$4 & " Response:" -> Response: | L1: =Scope!$F$4 & " Comments:" -> Comments:
A2: Configuration Management
A3: CM-1.1 | B3: CM-1 | D3: 02.a 04.a 04.b 05.a 05.b 05.c | E3: Configuration Management Policy and Procedures | F3: Are there documented procedures to outline who/when and how the system/application is configured? If yes, please attach | H3: Comment is required | J3: Comment is required | L3: Comment is required
A4: CM-2.1 | B4: CM-2 | D4: 01.x | E4: Baseline Configuration | F4: Do you have a current configuration baseline documented for the information system? (The baseline configuration is a documented, up-to-date specification to which the information system is built.) | H4: Comment is required | J4: Comment is required | L4: Comment is required
A5: CM-3.1 | B5: CM-3 | E5: Configuration Change Control | F5: Are types of changes to the information system that are configuration-controlled defined? | H5: Comment is required | J5: Comment is required | L5: Comment is required
A6: CM-3.2 | F6: Does the organization review proposed configuration-controlled changes to the information system, using defined security impact analyses? | H6: Comment is required | J6: Comment is required | L6: Comment is required
A7: CM-3.3 | F7: Are all configuration changes adequately documented? | H7: Comment is required | J7: Comment is required | L7: Comment is required
A8: CM-3.4 | F8: Are all approved configuration controls implemented timely? | H8: Comment is required | J8: Comment is required | L8: Comment is required
A9: CM-3.5 | F9: Does the organization retain records of configuration controlled changes? | H9: Comment is required | J9: Comment is required | L9: Comment is required
A10: CM-3.6 | F10: Are there auditing and monitoring activities implemented to assess the configuration-controlled changes? | H10: Comment is required | J10: Comment is required | L10: Comment is required
A11: CM-4.1 | B11: CM-4 | E11: Security Impact Analysis | F11: Do you analyze changes to the information system to determine potential security impacts prior to change implementation? | H11: Comment is required | J11: Comment is required | L11: Comment is required
A12: CM-5.1 | B12: CM-5 | E12: Access Restrictions for Change | F12: Does the organization define, documents, approves, and enforces physical and logical access restrictions associated with changes to the information system? | H12: Comment is required | J12: Comment is required | L12: Comment is required
A13: CM-6.1 | B13: CM-6 | E13: Configuration Settings | F13: Have all the configuration settings been documented that reflect the most restrictive mode consistent with operational requirements? | H13: Comment is required | J13: Comment is required | L13: Comment is required
A14: CM-6.2 | F14: Is there any automated or manual monitoring of configuration changes? (e.g. Tripwire, manual checklists) | H14: Comment is required | J14: Comment is required | L14: Comment is required
A15: CM-6.3 | F15: Do you document and approve deviations from the established configuration settings? | H15: Comment is required | J15: Comment is required | L15: Comment is required
A16: CM-7.1 | B16: CM-7 | D16: 01.n 01.l | E16: Least Functionality | F16: Do you restrict or prohibit the use of any functions, ports, protocols and/or services that are not essential to the function of the information system? | H16: Comment is required | J16: Comment is required | L16: Comment is required
A17: CM-8.1 | B17: CM-8 | C17: 164.310(d)(1) 164.310(d)(2)(iii) | E17: Information System Component Inventory | F17: Do you have an accurate and current documented inventory of the components within the information system? | H17: Comment is required | J17: Comment is required | L17: Comment is required
A18: CM-8.2 | F18: If yes, do you review and update the information system component inventory regularly? | H18: Comment is required | J18: Comment is required | L18: Comment is required
A19: CM-9.1 | B19: CM-9 | D19: 05.c | E19: Configuration Management Plan | F19: Does the organization develop, document, and implement a configuration management plan for the information system that addresses roles, responsibilities and configuration management processes and procedures? | H19: Comment is required | J19: Comment is required | L19: Comment is required
A20: CM-9.2 | F20: Does the organization establish a process for identifying configuration items throughout the system development life cycle? | H20: Comment is required | J20: Comment is required | L20: Comment is required
A21: CM-9.3 | F21: Does the organization define configuration items for the information system? | H21: Comment is required | J21: Comment is required | L21: Comment is required
A22: CM-9.4 | F22: Does the organization protect the configuration management plan for unauthorized disclosures and modifications? | H22: Comment is required | J22: Comment is required | L22: Comment is required
A23: CM-10.1 | B23: CM-10 | E23: Software Usage Restrictions | F23: Is software usage in accordance with contract agreements and copyright laws? | H23: Comment is required | J23: Comment is required | L23: Comment is required
A24: CM-11.1 | B24: CM-11 | E24: User-Installed Software | F24: Is user installation of software restricted and monitored? | H24: Comment is required | J24: Comment is required | L24: Comment is required
A25: CM-12.1 | B25: N/A | E25: Patch Timeliness | F25: Are patches applied to the information system in a timely manner? If so, how quickly are patches applied? | H25: Comment is required | J25: Comment is required | L25: Comment is required
A26: CM-12.2 | E26: Patch Timeliness Policy | F26: Are there standards or policies which define the timing of patching the information system? | H26: Comment is required | J26: Comment is required | L26: Comment is required
A27: CM-13.1 | B27: N/A | E27: Patch Management Environments | F27: Do you use Development, Test, QA, and Production environments during the patch management process? If so, describe the manner in which these environment are utilized? | H27: Comment is required | J27: Comment is required | L27: Comment is required
A28: CM-14.1 | B28: N/A | E28: Patch Classification | F28: Do you categorize patches based on severity? If yes, please provide the categories, their definitions, and the associated time frames for deploying patches to production environments. | H28: Comment is required | J28: Comment is required | L28: Comment is required
A29: CM-14.2 | B29: N/A | F29: Do you implement patches categorized as "critical" within 72 hours of patch release? | H29: Comment is required | J29: Comment is required | L29: Comment is required

Sheet 6. Contingency Planning
A1: Control Question # | B1: NIST SP800-53 R4: Control # | C1: HIPAA CFR Control Reference(s) | D1: HITRUST CSF | E1: Control Name | F1: Security Questions: | G1: =Scope!$B$4 & " Response:" -> Client -server application hosted at the data center Response: | H1: =Scope!$B$4 &" Comments:" -> Client -server application hosted at the data center Comments: | I1: =Scope!$D$4 & " Response:" -> Response: | J1: =Scope!$D$4 & " Comments:" -> Comments: | K1: =Scope!$F$4 & " Response:" -> Response: | L1: =Scope!$F$4 & " Comments:" -> Comments:
A2: Contingency Planning
A3: CP-1.1 | B3: CP-1 | C3: 164.308(a)(7)(i) | D3: 02.a 04.a 04.b 05.a 05.b 05.c | E3: Contingency Planning Policy and Procedures | F3: Are there formally documented policies and procedures for Contingency Plan? If yes, please attach. | H3: Comment is required | J3: Comment is required | L3: Comment is required
A4: CP-2.1 | B4: CP-2 | C4: 164.308(a)(7)(ii)(B) 164.308(a)(7)(ii)(C) 164.308(a)(7)(ii)(D) 164.308(a)(7)(ii)(E) 164.310(a)(2)(i) 164.312(a)(2)(ii) | D4: 05.b 05.c | E4: Contingency Plan | F4: Have you developed a contingency plan for this information system? If yes, please attach. | H4: Comment is required | J4: Comment is required | L4: Comment is required
A5: CP-2.2 | F5: Does the contingency plan: - Identify the essential missions and business functions - Provide recovery objectives, restoration priorities, and metrics - Address contingency roles, responsibilities, and assigned individuals with contact information - Address maintaining essential missions and business functions despite a disruption - Address full restoration without deterioration of originally implemented security safeguards - Distributed to key personnel - Coordinated with incident handling procedures - Reviewed and updated to address changes - Protected from unauthorized disclosure or modification | H5: Comment is required | J5: Comment is required | L5: Comment is required
A6: CP-3.1 | B6: CP-3 | C6: 164.308(a)(7)(ii)(D) | D6: 02.e | E6: Contingency Training | F6: Does your department train personnel in their contingency roles and responsibilities and provide refresher training when required? | H6: Comment is required | J6: Comment is required | L6: Comment is required
A7: CP-4.1 | B7: CP-4 | C7: 164.308(a)(7)(ii)(D) | E7: Contingency Plan Testing | F7: Do you test and/or exercise the contingency plan periodically to determine the plan’s effectiveness and review the contingency plan test results to initiate any needed corrective actions? | H7: Comment is required | J7: Comment is required | L7: Comment is required
A8: CP-6.1 | B8: CP-6 | C8: 164.308(a)(7)(ii)(B) 164.310(a)(2)(i) | E8: Alternate Storage Site | F8: Has your department established an alternate storage site including necessary agreements to permit the storage and recovery of information system backup information? | H8: Comment is required | J8: Comment is required | L8: Comment is required
A9: CP-6.2 | F9: Does the alternate storage site provide information security safeguards equivalent to that of the primary site? | H9: Comment is required | J9: Comment is required | L9: Comment is required
A10: CP-7.1 | B10: CP-7 | C10: 164.308(a)(7)(ii)(B) 164.310(a)(2)(i) | E10: Alternate Processing Site | F10: Has your department established an alternate processing site to permit the resumption of information system operations for essential missions and business functions when the primary processing capabilities are unavailable? | H10: Comment is required | J10: Comment is required | L10: Comment is required
A11: CP-7.2 | F11: Does the alternate processing site provide information security safeguards equivalent to that of the primary site? | H11: Comment is required | J11: Comment is required | L11: Comment is required
A12: CP-8.1 | B12: CP-8 | C12: 164.308(a)(7)(ii)(B) | E12: Telecommunications Service | F12: Are there alternate forms of telecommunication available should primary means (e.g. email, cellular phone) be unavailable? | H12: Comment is required | J12: Comment is required | L12: Comment is required
A13: CP-9.1 | B13: CP-9 | C13: 164.308(a)(7)(ii)(A) 164.308(a)(7)(ii)(B) 164.310(d)(2)(iv) 164.312(c)(1) | E13: Information System Backup | F13: Is user-level information, system-level information, and information system documentation backed up? | H13: Comment is required | J13: Comment is required | L13: Comment is required
A14: CP-9.2 | F14: Is the confidentiality, integrity, and availability of backup information protected at the storage location? | H14: Comment is required | J14: Comment is required | L14: Comment is required
A15: CP-10.1 | B15: CP-10 | C15: 164.308(a)(7)(ii)(B) 164.308(a)(7)(ii)(C) | E15: Information System Recovery and Reconstitution | F15: Is there recovery and reconstitution of the information system to a known state after a disruption, compromise, or failure? | H15: Comment is required | J15: Comment is required | L15: Comment is required

Sheet 7. Authentication&Authorization
A1: Control Question # | B1: NIST SP800-53 R4: Control # | C1: HIPAA CFR Control Reference(s) | D1: HITRUST CSF | E1: Control Name | F1: Security Questions: | G1: =Scope!$B$4 & " Response:" -> Client -server application hosted at the data center Response: | H1: =Scope!$B$4 &" Comments:" -> Client -server application hosted at the data center Comments: | I1: =Scope!$D$4 & " Response:" -> Response: | J1: =Scope!$D$4 & " Comments:" -> Comments: | K1: =Scope!$F$4 & " Response:" -> Response: | L1: =Scope!$F$4 & " Comments:" -> Comments:
A2: Identification and Authentication
A3: IA-1.1 | B3: IA-1 | D3: 01.b 02.a 04.a 04.b 05.a 05.b 05.c | E3: Identification and Authentication Policy and Procedures | F3: Does the application/system use managed LDAP services for identification and authentication? If no, detail in the comment column what is used. | H3: Comment is required | J3: Comment is required | L3: Comment is required
A4: IA-1.2 | F4: Are there formally documented policies and procedures for Identification and Authentication? If yes, please attach. | H4: Comment is required | J4: Comment is required | L4: Comment is required
A5: IA-2.1 | B5: IA-2 | C5: 164.308(a)(5)(ii)(D) 164.312(a)(2)(i) 164.312(d) | D5: 01.q 01.p | E5: Identification and Authentication (Organizational Users) | F5: Does the information system use multifactor authentication for privileged or non-privileged access? (Uses at least two of: what you have, what you know, what you are. E.g., tokens, passwords, biometrics.) | H5: Comment is required | J5: Comment is required | L5: Comment is required
A6: IA-3.1 | B6: IA-3 | C6: 164.312(a)(2)(i) 164.312(d) | D6: 01.k 01.j | E6: Device Identification and Authentication | F6: Does the information system uniquely identify and authenticate devices before establishing a connection? (E.g., MAC, TCP/IP, IEEE 802.1x) | H6: Comment is required | J6: Comment is required | L6: Comment is required
A7: IA-4.1 | B7: IA-4 | C7: 164.308(a)(5)(ii)(D) 164.312(a)(2)(i) 164.312(d) | D7: 01.b 01.q | E7: Identifier Management | F7: Do you manage the information system identifiers for users and devices by requiring authorization by an authorized signer prior to assigning an identifier? | H7: Comment is required | J7: Comment is required | L7: Comment is required
A8: IA-4.2 | F8: Does the application/system prevent reuse of user or device identifiers? | H8: Comment is required | J8: Comment is required | L8: Comment is required
A9: IA-4.3 | F9: Does the application/system disable the user or device account after a pre-defined period of inactivity? | H9: Comment is required | J9: Comment is required | L9: Comment is required
A10: IA-5.1 | B10: IA-5 | C10: 164.308(a)(5)(ii)(D) | D10: 01.b 01.d 01.f 01.q 01.r 01.p | E10: Authenticator Management | F10: Does the application/system comply with the password complexity as outlined in implemented policies? | H10: Comment is required | J10: Comment is required | L10: Comment is required
A11: IA-5.2 | F11: Does information system force the End User to comply with the following password requirements regarding complexity, length and change? - Passwords at least 8 characters in length. - Passwords contain the following: - Mixed case alpha characters - at least one numeric digit - at least one non-alphanumeric character - Current password may not be reused - Do current passwords expire every 90 days? - Are passwords stored in an encrypted format? | H11: Comment is required | J11: Comment is required | L11: Comment is required
A12: IA-5.3 | F12: Are the passwords encrypted within the information system when stored or transmitted? | H12: Comment is required | J12: Comment is required | L12: Comment is required
A13: IA-5.4 | F13: Are factory default passwords changed once implemented into production? (Admin/root passwords.) | H13: Comment is required | J13: Comment is required | L13: Comment is required
A14: IA-5.5 | F14: Is the identity of the individual or device verified as part of the initial password distribution process? | H14: Comment is required | J14: Comment is required | L14: Comment is required
A15: IA-5.6 | F15: Are there administrative procedures for initial password distribution and for revoking access? | H15: Comment is required | J15: Comment is required | L15: Comment is required
A16: IA-5.7 | F16: Is authenticator content protected from unauthorized disclosure and modification? | H16: Comment is required | J16: Comment is required | L16: Comment is required
A17: IA-5.8 | F17: Are passwords for group/role accounts changed when membership to those accounts change? | H17: Comment is required | J17: Comment is required | L17: Comment is required
A18: IA-5.9 | F18: Is token-based authentication required? | H18: Comment is required | J18: Comment is required | L18: Comment is required
A19: IA-6.1 | B19: IA-6 | C19: 164.308(a)(5)(ii)(D) | D19: 01.p 01.q | E19: Authenticator Feedback | F19: Does the information system obscure the authenticator/password during the authentication process? | H19: Comment is required | J19: Comment is required | L19: Comment is required
A20: IA-7.1 | B20: IA-7 | C20: 164.308(a)(5)(ii)(D) | D20: 01.j 01.q 01.p | E20: Cryptographic Module Authentication | F20: Does the information system use mechanisms for authentication to a cryptographic module? (This control is used for mostly operating systems and appliances used to encrypt something.) | H20: Comment is required | J20: Comment is required | L20: Comment is required
A21: IA-8.1 | B21: IA-8 | E21: Identification and Authentication (Non- Organizational Users) | F21: Does the information system uniquely identify and authenticate non-organizational users (such as vendors)? (I.e., do the vendors have unique accounts instead of a shared account to gain access?) | H21: Comment is required | J21: Comment is required | L21: Comment is required

Sheet 8. Incident Response
A1: Control Question # | B1: NIST SP800-53 R4: Control # | C1: HIPAA CFR Control Reference(s) | D1: HITRUST CSF | E1: Control Name | F1: Security Questions: | G1: =Scope!$B$4 & " Response:" -> Client -server application hosted at the data center Response: | H1: =Scope!$B$4 &" Comments:" -> Client -server application hosted at the data center Comments: | I1: =Scope!$D$4 & " Response:" -> Response: | J1: =Scope!$D$4 & " Comments:" -> Comments: | K1: =Scope!$F$4 & " Response:" -> Response: | L1: =Scope!$F$4 & " Comments:" -> Comments:
A2: Incident Response
A3: IR-1.1 | B3: IR-1 | C3: 164.308(a)(6)(i) | D3: 02.a 04.a 04.b 05.a 05.b 05.c | E3: Incident Response Policies and Procedures | F3: Are there formally documented policies and procedures for Incident Response? If yes, please attach. | H3: Comment is required | J3: Comment is required | L3: Comment is required
A4: IR-2.1 | B4: IR-2 | C4: 164.308(a)(6)(i) | D4: 02.e | E4: Incident Response Training | F4: Are staff provided with incident response training? | H4: Comment is required | J4: Comment is required | L4: Comment is required
A5: IR-2.2 | F5: Is incident response training unique based on the role of the individual? | H5: Comment is required | J5: Comment is required | L5: Comment is required
A6: IR-3.1 | B6: IR-3 | C6: 164.308(a)(6)(i) | E6: Incident Response Testing and Exercises | F6: Are incident response tests conducted? | H6: Comment is required | J6: Comment is required | L6: Comment is required
A7: IR-3.2 | F7: Are the incident response test results analyzed? | H7: Comment is required | J7: Comment is required | L7: Comment is required
A8: IR-4.1 | B8: IR-4 | C8: 164.308(a)(6)(ii) | D8: 05.b 05.f | E8: Incident Handling | F8: Is there an incident handling process | H8: Comment is required | J8: Comment is required | L8: Comment is required
A9: IR-4.2 | F9: Are incident handling activities coordinated with contingency planning activities? | H9: Comment is required | J9: Comment is required | L9: Comment is required
A10: IR-5.1 | B10: IR-5 | C10: 164.308(a)(1)(ii)(D) 164.308(a)(6)(ii) | E10: Incident Monitoring | F10: Are security incidents tracked and documented? | H10: Comment is required | J10: Comment is required | L10: Comment is required
A11: IR-6.1 | B11: IR-6 | C11: 164.308(a)(1)(ii)(D) 164.308(a)(6)(ii) 164.314(a)(2)(i) | D11: 05.f | E11: Incident Reporting | F11: Are security incidents timely reported to appropriate personnel/ government authorities? | H11: Comment is required | J11: Comment is required | L11: Comment is required
A12: IR-7.1 | B12: IR-7 | C12: 164.308(a)(6)(ii) | D12: 05.f | E12: Incident Response Assistance | F12: Are incident response resources used outside of the incident response team? | H12: Comment is required | J12: Comment is required | L12: Comment is required
A13: IR-8.1 | B13: IR-8 | E13: Incident Response Plan | F13: Is there a comprehensive Incident Response Plan? If so, please attach. | H13: Comment is required | J13: Comment is required | L13: Comment is required
A14: IR-9.1 | B14: IR-9 | E14: Information Spillage Response | F14: Does the organization respond to information spillage appropriately and timely? | H14: Comment is required | J14: Comment is required | L14: Comment is required

Sheet 9. Maintenance
A1: Control Question # | B1: NIST SP800-53 R4: Control # | C1: HIPAA CFR Control Reference(s) | D1: HITRUST CSF | E1: Control Name | F1: Security Questions: | G1: =Scope!$B$4 & " Response:" -> Client -server application hosted at the data center Response: | H1: =Scope!$B$4 &" Comments:" -> Client -server application hosted at the data center Comments: | I1: =Scope!$D$4 & " Response:" -> Response: | J1: =Scope!$D$4 & " Comments:" -> Comments: | K1: =Scope!$F$4 & " Response:" -> Response: | L1: =Scope!$F$4 & " Comments:" -> Comments:
A2: Maintenance
A3: MA-1.1 | B3: MA-1 | C3: 164.310(a)(2)(iv) | D3: 02.a 04.a 04.b 05.a 05.b 05.c | E3: System Maintenance Policy and Procedures | F3: Are there formally documented policies and procedures for Maintenance? If yes, please attach. | H3: Comment is required | J3: Comment is required | L3: Comment is required
A4: MA-2.1 | B4: MA-2 | C4: 164.310(a)(2)(iv) | D4: 01.l | E4: Controlled Maintenance | F4: Are maintenance and repairs on the information system scheduled, performed, documented, and reviewed? | H4: Comment is required | J4: Comment is required | L4: Comment is required
A5: MA-2.2 | F5: Do you approve and monitor all maintenance activities? | H5: Comment is required | J5: Comment is required | L5: Comment is required
A6: MA-2.3 | F6: Is management's approval required for the removal of the information system or its components for off-site maintenance and repairs? | H6: Comment is required | J6: Comment is required | L6: Comment is required
A7: MA-2.4 | F7: Do you sanitize equipment to remove all information from associated media (e.g., hard drives) prior to removal from the facilities for off-site maintenance or repairs? | H7: Comment is required | J7: Comment is required | L7: Comment is required
A8: MA-2.5 | F8: Do you check all potentially impacted security controls to verify that the controls are still functioning properly following maintenance or repair actions? (E.g., verify that audit logs are still functioning properly, user level of access is still appropriate.) | H8: Comment is required | J8: Comment is required | L8: Comment is required
A9: MA-3.1 | B9: MA-3 | E9: Maintenance Tools | F9: Does the organization approve, control and monitor information system maintenance tools? | H9: Comment is required | J9: Comment is required | L9: Comment is required
A10: MA-4.1 | B10: MA-4 | D10: 01.l | E10: Nonlocal Maintenance | F10: Is any nonlocal maintenance and diagnostic activity performed on the information system (such as across the network, either internal or external, using terminal services/RDP)? | H10: Comment is required | J10: Comment is required | L10: Comment is required
A11: MA-4.2 | F11: Are all nonlocal maintenance and diagnostic activities approved and monitored? | H11: Comment is required | J11: Comment is required | L11: Comment is required
A12: MA-4.3 | F12: Are strong authenticators/passwords used in the establishment of nonlocal maintenance and diagnostic sessions? | H12: Comment is required | J12: Comment is required | L12: Comment is required
A13: MA-4.4 | F13: Do you maintain records for nonlocal maintenance and diagnostic activities? | H13: Comment is required | J13: Comment is required | L13: Comment is required
A14: MA-4.5 | F14: Are the sessions and network connections terminated after the nonlocal maintenance has been completed? | H14: Comment is required | J14: Comment is required | L14: Comment is required
A15: MA-5.1 | B15: MA-5 | C15: 164.308(a)(3)(ii)(A) | E15: Maintenance Personnel | F15: Do you authorize and maintain a list of authorized maintenance personnel? | H15: Comment is required | J15: Comment is required | L15: Comment is required
A16: MA-5.2 | F16: Do you ensure that personnel performing maintenance of the information system have the required access authorizations? | H16: Comment is required | J16: Comment is required | L16: Comment is required
A17: MA-5.3 | F17: If personnel without the required access authorizations are allowed to perform maintenance activities (a vendor), are they supervised by authorized organizational personnel? | H17: Comment is required | J17: Comment is required | L17: Comment is required
A18: MA-6.1 | B18: MA-6 | C18: 164.310(a)(2)(iv) | E18: Timely Maintenance | F18: Is there a maintenance contract with the vendor to provide timely maintenance in the event of a failure of the information system? (E.g., spare parts on hand, response times from the vendor or other personnel, documented in OLA/SLA agreements.) | H18: Comment is required | J18: Comment is required | L18: Comment is required

Sheet 10. Media Protection
A1: Control Question # | B1: NIST SP800-53 R4: Control # | C1: HIPAA CFR Control Reference(s) | D1: HITRUST CSF | E1: Control Name | F1: Security Questions: | G1: =Scope!$B$4 & " Response:" -> Client -server application hosted at the data center Response: | H1: =Scope!$B$4 &" Comments:" -> Client -server application hosted at the data center Comments: | I1: =Scope!$D$4 & " Response:" -> Response: | J1: =Scope!$D$4 & " Comments:" -> Comments: | K1: =Scope!$F$4 & " Response:" -> Response: | L1: =Scope!$F$4 & " Comments:" -> Comments:
A2: Media Protection
A3: MP-1.1 | B3: MP-1 | C3: 164.310(d)(1) | D3: 01.a 01.h 02.a 04.a 04.b 05.a 05.b 05.c | E3: Media Protection | F3: Is all removable media stored only on-site within a recognized data center? | H3: Comment is required | J3: Comment is required | L3: Comment is required
A4: MP-1.2 | B4: MP-1 | C4: 164.310(d)(1) | E4: Media Protection Policy and Procedures | F4: Are there formally documented policies and procedures for Media Protection? If yes, please attach. | H4: Comment is required | J4: Comment is required | L4: Comment is required
A5: MP-2.1 | B5: MP-2 | C5: 164.308(a)(3)(ii)(A) 164.310(c) 164.310(d)(1) 164.312(c)(1) | E5: Media Access | F5: Is access to media associated with the information system (diskettes, hard disk drives, flash drives, CDs, paper, microfilm, etc.) restricted to authorized personnel? | H5: Comment is required | J5: Comment is required | L5: Comment is required
A6: MP-3.1 | B6: MP-3 | C6: 164.310(b) *From AC-15 164.310(c) 164.310(d)(1) | E6: Media Marking | F6: Is any media containing sensitive data marked to indicate distribution limitations, handling caveats, ownership, and any applicable security markings if it is removed from a controlled area? | H6: Comment is required | J6: Comment is required | L6: Comment is required
A7: MP-4.1 | B7: MP-4 | C7: 164.310(c) 164.310(d)(1) 164.310(d)(2)(iv) | E7: Media Storage | F7: Is the media stored is a secure location? (E.g., data center, locked office or cabinet.) | H7: Comment is required | J7: Comment is required | L7: Comment is required
A8: MP-5.1 | B8: MP-5 | C8: 164.310(d)(1) 164.310(d)(2)(iii) 164.312(c)(1) | E8: Media Transport | F8: Does media related to this information system get transported outside of the controlled environment? | H8: Comment is required | J8: Comment is required | L8: Comment is required
A9: MP-5.2 | F9: Do you maintain accountability during the transport of the media outside of the controlled area, documenting transport activities and restricting transport activities to associated personnel? | H9: Comment is required | J9: Comment is required | L9: Comment is required
A10: MP-6.1 | B10: MP-6 | C10: 164.310(d)(1) 164.310(d)(2)(i) 164.310(d)(2)(ii) | E10: Media Sanitization | F10: Is the media sanitized prior to destruction, disposal, re-use, or release? (I.e., degaussed.) | H10: Comment is required | J10: Comment is required | L10: Comment is required
A11: MP-7.1 | B11: MP-7 | E11: Media Use | F11: Are there any restrictions on the types of storage media that can connect to the information system? (E.g., restricting or prohibiting the use of flash drives or external hard disk drives.) | H11: Comment is required | J11: Comment is required | L11: Comment is required
A12: MP-7.2 | F12: Are there technical or nontechnical safeguards (e.g., policies, procedures, rules of behavior) in place to enforce the media restriction(s)? | H12: Comment is required | J12: Comment is required | L12: Comment is required

Sheet 11. Physical Security
A1: Control Question # | B1: NIST SP800-53 R4: Control # | C1: HIPAA CFR Control Reference(s) | D1: HITRUST CSF | E1: Control Name | F1: Security Questions: | G1: =Scope!$B$4 & " Response:" -> Client -server application hosted at the data center Response: | H1: =Scope!$B$4 &" Comments:" -> Client -server application hosted at the data center Comments: | I1: =Scope!$D$4 & " Response:" -> Response: | J1: =Scope!$D$4 & " Comments:" -> Comments: | K1: =Scope!$F$4 & " Response:" -> Response: | L1: =Scope!$F$4 & " Comments:" -> Comments:
A2: Physical and Environmental Protection
A3: PE-1.1 | B3: PE-1 | C3: 164.310(a)(1) 164.310(a)(2)(ii) 164.310(a)(2)(iii) | D3: 02.a 04.a 04.b 05.a 05.b 05.c | E3: Physical and Environmental Protection Policy and Procedures | F3: Are the servers and other equipment located within a certifed data center? If yes, please provide the name of the data center and the certifications maintained, in the comments section. | H3: Comment is required | J3: Comment is required | L3: Comment is required
A4: PE-2.1 | B4: PE-2 | C4: 164.310(a)(1) 164.310(a)(2)(iii) | D4: 02.i | E4: Physical Access Authorizations | F4: Is there a documented and current list of personnel with authorized access to the facility where the information system resides? | H4: Comment is required | J4: Comment is required | L4: Comment is required
A5: PE-2.2 | F5: Is the access list detailing the individuals with authorized facility access periodically reviewed? | H5: Comment is required | J5: Comment is required | L5: Comment is required
A6: PE-2.3 | F6: Are individuals no longer requiring facility access removed from the list? | H6: Comment is required | J6: Comment is required | L6: Comment is required
A7: PE-3.1 | B7: PE-3 | C7: 164.310(a)(1) 164.310(a)(2)(iii) 164.310(b) 164.310(c) | E7: Physical Access Control | F7: Are there controls in place to verify individual access before granting access to the facility where the information system resides? (E.g., card readers.) | H7: Comment is required | J7: Comment is required | L7: Comment is required
A8: PE-3.2 | F8: Do you maintain physical access audit logs for the necessary entry/exit points? | H8: Comment is required | J8: Comment is required | L8: Comment is required
A9: PE-3.3 | F9: Are there any components of the information system available in a public area? (For example, a client on a public or publicly visible workstation.) If yes, detail in the comment how this access is controlled. | H9: Comment is required | J9: Comment is required | L9: Comment is required
A10: PE-3.4 | F10: Do you escort visitors and monitor visitor activity? | H10: Comment is required | J10: Comment is required | L10: Comment is required
A11: PE-3.5 | F11: Are keys, combinations, and other physical access devices secured? | H11: Comment is required | J11: Comment is required | L11: Comment is required
A12: PE-3.6 | F12: Are physical access devices inventoried and periodically reviewed? | H12: Comment is required | J12: Comment is required | L12: Comment is required
A13: PE-3.7 | F13: Are combinations and keys changed periodically or when keys are lost, combinations are compromised, or individuals are transferred or terminated? | H13: Comment is required | J13: Comment is required | L13: Comment is required
A14: PE-4.1 | B14: PE-4 | C14: 164.310(a)(1) 164.310(c) | E14: Access Control for Transmission Medium | F14: Are phone lines, internet lines, energy lines, and other wires protected from environmental damage or access from unauthorized individuals? (E.g., locking wiring closets, disconnecting or locking spare jacks, protecting cabling by conduit or cable trays.) | H14: Comment is required | J14: Comment is required | L14: Comment is required
A15: PE-5.1 | B15: PE-5 | C15: 164.310(a)(1) 164.310(b) 164.310(c) | D15: 01.g | E15: Access Control for Output Devices | F15: Are monitors, printers, and audio devices physically secured so that unauthorized individuals may not obtain information from the output? | H15: Comment is required | J15: Comment is required | L15: Comment is required
A16: PE-6.1 | B16: PE-6 | C16: 164.310(a)(2)(iii) | E16: Monitoring Physical Access | F16: Is there monitoring of physical access to the facility where the information system resides to detect and respond to physical security incidents? | H16: Comment is required | J16: Comment is required | L16: Comment is required
A17: PE-6.2 | F17: Are physical access logs reviewed? | H17: Comment is required | J17: Comment is required | L17: Comment is required
A18: PE-6.3 | F18: Are the results of the review and investigation available for the incident response team? | H18: Comment is required | J18: Comment is required | L18: Comment is required
A19: PE-8.1 | B19: PE-8 | C19: 164.310(a)(2)(iii) | E19: Visitor Access Records | F19: Do you maintain visitor access records to the facility where the information system resides? | H19: Comment is required | J19: Comment is required | L19: Comment is required
A20: PE-8.2 | F20: Are the visitor access records reviewed on a regular basis? | H20: Comment is required | J20: Comment is required | L20: Comment is required
A21: PE-10.1 | B21: PE-10 | E21: Emergency Shutoff | F21: Are there emergency power shutoffs in easily accessible areas that are protected from unauthorized activation? | H21: Comment is required | J21: Comment is required | L21: Comment is required
A22: PE-11.1 | B22: PE-11 | E22: Emergency Power | F22: Is there short-term, uninterruptible power supply (UPS) to facilitate the transition of the information system to the long-term alternate power source in the event of a primary power source loss? | H22: Comment is required | J22: Comment is required | L22: Comment is required
A23: PE-12.1 | B23: PE-12 | E23: Emergency Lighting | F23: Do you maintain automatic emergency lighting that activates in the event of a power outage and that covers emergency exits and evacuation routes within the facility? | H23: Comment is required | J23: Comment is required | L23: Comment is required
A24: PE-13.1 | B24: PE-13 | E24: Fire Protection | F24: Do you use and maintain fire suppression and detection devices/systems for the information system that are supported by an independent energy source? | H24: Comment is required | J24: Comment is required | L24: Comment is required
A25: PE-14.1 | B25: PE-14 | E25: Temperature and Humidity Controls | F25: Do you regularly monitor and maintain temperature and humidity in an acceptable level within the facility? | H25: Comment is required | J25: Comment is required | L25: Comment is required
A26: PE-15.1 | B26: PE-15 | E26: Water Damage Protection | F26: Is the information system protected from damage resulting from water leakage by providing master shutoff or isolation valves that are accessible, working properly, and known to key personnel? | H26: Comment is required | J26: Comment is required | L26: Comment is required
A27: PE-16.1 | B27: PE-16 | E27: Delivery and Removal | F27: Do you authorize, monitor, and control information system components entering and exiting the facility and maintain records of those items? | H27: Comment is required | J27: Comment is required | L27: Comment is required
A28: PE-17.1 | B28: PE-17 | C28: 164.310(a)(2)(i) | D28: 01.y | E28: Alternate Work Site | F28: In the event of an emergency, has an alternate work site with effective physical security controls been designated? | H28: Comment is required | J28: Comment is required | L28: Comment is required
A29: PE-18.1 | B29: PE-18 | C29: 164.310(c) | E29: Location of Information System Components | F29: Do you position information system components to minimize potential damage from physical and environmental hazards or to minimize unauthorized access? | H29: Comment is required | J29: Comment is required | L29: Comment is required

Sheet 12. Planning
A1: Control Question # | B1: NIST SP800-53 R4: Control # | C1: HIPAA CFR Control Reference(s) | D1: HITRUST CSF | E1: Control Name | F1: Security Questions: | G1: =Scope!$B$4 & " Response:" -> Client -server application hosted at the data center Response: | H1: =Scope!$B$4 &" Comments:" -> Client -server application hosted at the data center Comments: | I1: =Scope!$D$4 & " Response:" -> Response: | J1: =Scope!$D$4 & " Comments:" -> Comments: | K1: =Scope!$F$4 & " Response:" -> Response: | L1: =Scope!$F$4 & " Comments:" -> Comments:
A2: Planning
A3: PL-1.1 | B3: PL-1 | C3: 164.316(a) | D3: 04.b 05.a 02.a 04.a 05.b 05.c | E3: Security Planning Policy and Procedures | F3: Is there a security plan for this information system? If yes, please attach. | H3: Comment is required | J3: Comment is required | L3: Comment is required
A4: PL-2.1 | B4: PL-2 | C4: 164.308(a)(1)(ii)(B) *From PL-06 164.310(a)(2)(ii) 164.316(a) 164.316(b)(1) 164.316(b)(2)(iii) *From PL-03 | D4: 05.b | E4: System Security Plan | F4: Does the security plan: - Explicitly define the authorization boundary for the system; - Describe the operational context of the information system in terms of missions and business processes; - Provide the security categorization of the information system including supporting rationale; - Describe the operational environment for the information system and relationships with or connections to other information systems; - Provide an overview of the security requirements for the system; - Describes the security controls that are in place at a high level; - Get reviewed and approved by the authorizing official or designated representative prior to plan implementation | H4: Comment is required | J4: Comment is required | L4: Comment is required
A5: PL-2.2 | F5: Are copies of the security plan distributed and subsequent changes communicated to key personnel? | H5: Comment is required | J5: Comment is required | L5: Comment is required
A6: PL-2.3 | F6: Is the security plan periodically reviewed? | H6: Comment is required | J6: Comment is required | L6: Comment is required
A7: PL-2.4 | F7: Is the plan updated to address changes in the environment? | H7: Comment is required | J7: Comment is required | L7: Comment is required
A8: PL-2.5 | F8: Is the security plan protected from unauthorized disclosure and modification? | H8: Comment is required | J8: Comment is required | L8: Comment is required
A9: PL-4.1 | B9: PL-4 | D9: 02.c 02.d 05.j 05.e | E9: Rules of Behavior | F9: Are there established and readily available rules of behavior that describe the responsibilities and expected behavior of users for this information system? | H9: Comment is required | J9: Comment is required | L9: Comment is required
A10: PL-4.2 | F10: Do users indicate that they have read, understood, and agree to abide by the rules of behavior before authorizing access to information and the information system? If yes, how is this documented? | H10: Comment is required | J10: Comment is required | L10: Comment is required
A11: PL-4.3 | F11: Are the rules of behavior updated? | H11: Comment is required | J11: Comment is required | L11: Comment is required
A12: PL-4.4 | F12: Are users required to read and resign when the rules of behavior are updated? | H12: Comment is required | J12: Comment is required | L12: Comment is required
A13: PL-8.1 | B13: PL-8 | E13: Information Security Architecture | F13: Does the organization have a comprehensive information security architecture for their information system? | H13: Comment is required | J13: Comment is required | L13: Comment is required
A14: PL-8.2 | F14: Does the organization describe how the information security architecture is integrated into and supports the enterprise architecture? | H14: Comment is required | J14: Comment is required | L14: Comment is required
A15: PL-8.3 | F15: Does the organization describe any information security assumptions and dependencies on external services? | H15: Comment is required | J15: Comment is required | L15: Comment is required

Sheet 13. Personnel Security
A1: Control Question # | B1: NIST SP800-53 R4: Control # | C1: HIPAA CFR Control Reference(s) | D1: HITRUST CSF | E1: Control Name | F1: Security Questions: | G1: =Scope!$B$4 & " Response:" -> Client -server application hosted at the data center Response: | H1: =Scope!$B$4 &" Comments:" -> Client -server application hosted at the data center Comments: | I1: =Scope!$D$4 & " Response:" -> Response: | J1: =Scope!$D$4 & " Comments:" -> Comments: | K1: =Scope!$F$4 & " Response:" -> Response: | L1: =Scope!$F$4 & " Comments:" -> Comments:
A2: Personnel Security
A3: PS-1.1 | B3: PS-1 | C3: 164.308(a)(3)(ii)(A) 164.308(a)(3)(ii)(B) 164.308(a)(3)(ii)(C) | D3: 02.a 05.a 04.a 04.b 05.b 05.c | E3: Personnel Security Policies and Procedures | F3: Are there formally documented policies and procedures for Personnel Security? If yes, please attach. | H3: Comment is required | J3: Comment is required | L3: Comment is required
A4: PS-2.1 | B4: PS-2 | C4: 164.308(a)(3)(ii)(B) | D4: 02.a | E4: Position Risk Designation | F4: Does the organization assign risk designations to all positions? | H4: Comment is required | J4: Comment is required | L4: Comment is required
A5: PS-2.2 | F5: Does the organization establish screening criteria for individuals filling those positions? | H5: Comment is required | J5: Comment is required | L5: Comment is required
A6: PS-2.3 | F6: Does the organization review and revise position risk designations at least every three years? | H6: Comment is required | J6: Comment is required | L6: Comment is required
A7: PS-3.1 | B7: PS-3 | C7: 164.308(a)(3)(ii)(B) | D7: 02.b | E7: Personnel Screening | F7: Does the organization screen individuals prior to authorizing access to the information system? | H7: Comment is required | J7: Comment is required | L7: Comment is required
A8: PS-3.2 | F8: Does the organization re-screen individuals with access to the information system? | H8: Comment is required | J8: Comment is required | L8: Comment is required
A9: PS-4.1 | B9: PS-4 | C9: 164.308(a)(3)(ii)(C) | D9: 02.g 02.h 02.i | E9: Personnel Termination | F9: Does the organization have appropriate termination procedures in place to those with access to the information system? | H9: Comment is required | J9: Comment is required | L9: Comment is required
A10: PS-5.1 | B10: PS-5 | C10: 164.308(a)(3)(ii)(C) | D10: 02.g 02.i | E10: Personnel Transfer | F10: Does the organization have appropriate transfer procedures in place to those with access to the information system? | H10: Comment is required | J10: Comment is required | L10: Comment is required
A11: PS-6.1 | B11: PS-6 | C11: 164.308(a)(3)(ii)(A) 164.308(a)(3)(ii)(B) 164.308(a)(4)(ii)(B) 164.310(b) 164.310(d)(2)(iii) 164.314(a)(1) 164.314(a)(2)(i) 164.314(a)(2)(ii) | D11: 02.c 05.e 05.k | E11: Access Agreements | F11: Does the organization have access agreements (reviewed annually) for individuals with access to the information system? | H11: Comment is required | J11: Comment is required | L11: Comment is required
A12: PS-7.1 | B12: PS-7 | C12: 164.308(a)(3)(ii)(A) 164.308(a)(4)(ii)(B) 164.308(b)(1) 164.314(a)(1) 164.314(a)(2)(i) 164.314(a)(2)(ii) | D12: 02.d 05.k | E12: Third Party Personnel Security | F12: Does the organization have appropriate third-party access control procedures for external parties granted access to the information system? | H12: Comment is required | J12: Comment is required | L12: Comment is required
A13: PS-8.1 | B13: PS-8 | C13: 164.308(a)(1)(ii)(C) | D13: 02.f | E13: Personnel Sanctions | F13: Does the organization have appropriate personnel sanctions policies and procedures? | H13: Comment is required | J13: Comment is required | L13: Comment is required

Sheet 14. Risk Assessments
A1: Control Question # | B1: NIST SP800-53 R4: Control # | C1: HIPAA CFR Control Reference(s) | D1: HITRUST CSF | E1: Control Name | F1: Security Questions: | G1: =Scope!$B$4 & " Response:" -> Client -server application hosted at the data center Response: | H1: =Scope!$B$4 &" Comments:" -> Client -server application hosted at the data center Comments: | I1: =Scope!$D$4 & " Response:" -> Response: | J1: =Scope!$D$4 & " Comments:" -> Comments: | K1: =Scope!$F$4 & " Response:" -> Response: | L1: =Scope!$F$4 & " Comments:" -> Comments:
A2: Risk Assessment
A3: RA-1.1 | B3: RA-1 | C3: 164.308(a)(1)(i) 164.316(a) | D3: 03.a 02.a 04.a 04.b 05.a 05.b 05.c | E3: Risk Assessment Policy and Procedures | F3: Are there formally documented policies and procedures for Risk Assessments? If yes, please attach. | H3: Comment is required | J3: Comment is required | L3: Comment is required
A4: RA-2.1 | B4: RA-2 | C4: 164.308(a)(1)(ii)(A) 164.308(a)(1)(ii)(B) 164.308(a)(7)(ii)(E) | E4: Security Categorization | F4: Does the organization categorize information and the information system in accordance with applicable Federal Laws, Executive Orders, directives, policies, regulations, standards and guidance? | H4: Comment is required | J4: Comment is required | L4: Comment is required
A5: RA-3.1 | B5: RA-3 | C5: 164.308(a)(1)(ii)(A) 164.308(a)(1)(ii)(B) 164.316(a) | D5: 03.b | E5: Risk Assessment | F5: Does the organization conduct a risk assessment including the likelihood and impact of harm, from the unauthorized access, use, disclosure, disruption, modification or destruction of the information system and the information it processes, stores or transmits? | H5: Comment is required | J5: Comment is required | L5: Comment is required
A6: RA-5.1 | B6: RA-5 | E6: Vulnerability Scanning | F6: Does the organization scan for vulnerabilities in the information system and hosted applications and when new vulnerabilities potentially affecting the system/applications are identified and reported? If yes, please provide the date of the most recent vulnerability scan and the tools utilized, in the comments section. | H6: Comment is required | J6: Comment is required | L6: Comment is required

Sheet 15. System Acquisition
A1: Control Question # | B1: NIST SP800-53 R4: Control # | C1: HIPAA CFR Control Reference(s) | D1: HITRUST CSF | E1: Control Name | F1: Security Questions: | G1: =Scope!$B$4 & " Response:" -> Client -server application hosted at the data center Response: | H1: =Scope!$B$4 &" Comments:" -> Client -server application hosted at the data center Comments: | I1: =Scope!$D$4 & " Response:" -> Response: | J1: =Scope!$D$4 & " Comments:" -> Comments: | K1: =Scope!$F$4 & " Response:" -> Response: | L1: =Scope!$F$4 & " Comments:" -> Comments:
A2: System and Services Acquisition
A3: SA-1.1 | B3: SA-1 | D3: 02.a 04.a 04.b 05.a 05.b 05.c | E3: System and Services Acquisition Policy and Procedure | F3: Are there formally documented policies and procedures for System and Services Acquisitions? If yes, please attach. | H3: Comment is required | J3: Comment is required | L3: Comment is required
A4: SA-2.1 | B4: SA-2 | D4: 05.b | E4: Allocation of Resources | F4: Does the organization adequately allocate resources to allow for the information system to run safely and efficiently? | H4: Comment is required | J4: Comment is required | L4: Comment is required
A5: SA-3.1 | B5: SA-3 | E5: System Development Life Cycle | F5: Does the organization define a comprehensive life cycle for the information system? | H5: Comment is required | J5: Comment is required | L5: Comment is required
A6: SA-4.1 | B6: SA-4 | C6: 164.314(a)(2)(i) | E6: Acquisition Process | F6: Does the organization include the requirements, descriptions, and criteria, explicitly or by reference, in the acquisition contract for the information system, system component, or information system service in accordance with applicable federal laws, Executive Orders, directives, policies, regulations, standards, guidelines, and organizational mission/business needs | H6: Comment is required | J6: Comment is required | L6: Comment is required
A7: SA-5.1 | B7: SA-5 | E7: Information System Documentation | F7: Do you have administrator documentation for this information system that describes: 1. Secure configuration, installation, and operation of the system, component, or service; 2. Effective use and maintenance of security functions/mechanisms; and 3. Known vulnerabilities regarding configuration and use of administrative (i.e., privileged) functions; | H7: Comment is required | J7: Comment is required | L7: Comment is required
A8: SA-5.2 | F8: Do you have user documentation for this information system that describes: 1. User-accessible security functions/mechanisms and how to effectively use those security functions/mechanisms; 2. Methods for user interaction, which enables individuals to use the system, component, or service in a more secure manner; and 3. User responsibilities in maintaining the security of the system, component, or service. | H8: Comment is required | J8: Comment is required | L8: Comment is required
A9: SA-5.3 | F9: If documentation for this information system is unavailable or nonexistent, is the attempt to obtain such documentation recorded? | H9: Comment is required | J9: Comment is required | L9: Comment is required
A10: SA-5.4 | F10: Is the documentation protected as required and only distributed to authorized personnel? | H10: Comment is required | J10: Comment is required | L10: Comment is required
A11: SA-8.1 | B11: SA-8 | E11: Security Engineering Principles | F11: Does the organization apply information system security engineering principles in the specification, design, development, implementation, and modification of the information system. | H11: Comment is required | J11: Comment is required | L11: Comment is required
A12: SA-9.1 | B12: SA-9 | C12: 164.308(b)(1) 164.308(b)(4) 164.314(a)(1) 164.314(a)(2)(i) 164.314(a)(2)(ii) | D12: 05.i 05.j 05.k | E12: External Information System Services | F12: Does the organization require that providers of external information system services comply with organizational information security requirements in accordance with applicable Federal Laws, Executive Orders, directives, policies, regulations, standards and guidance? | H12: Comment is required | J12: Comment is required | L12: Comment is required
A13: SA-10.1 | B13: SA-10 | E13: Developer Configuration Management | F13: Does the organization require the developer of the information system, system component or information system service to perform configuration, document the changes and implement only organization-approved configuration changes? | H13: Comment is required | J13: Comment is required | L13: Comment is required
A14: SA-11.1 | B14: SA-11 | E14: Developer Security Testing and Evaluation | F14: Does the organization require the developer of the information system, system component, or information system service to create and implement a security assessment plan, perform tests/evaluations and produce evidence of the execution of the security assessment plan? | H14: Comment is required | J14: Comment is required | L14: Comment is required
A15: SA-12.1 | B15: SA-12 | C15: 164.308(a)(1)(ii)(A) 164.308(a)(4)(ii) 164.308(a)(7)(ii)(C) 164.308(a)(7)(ii)(E) 164.308(a)(8) 164.310(a)(2)(i) 164.314 164.316 | E15: Supply Chain Protection | F15: Does the organization protect against supply chain threats to the information system, system component, or information system service by employing a Vendor Risk Management fucntion as part of a comprehensive, defense-in-breadth information security strategy? | H15: Comment is required | J15: Comment is required | L15: Comment is required

Sheet 16. System Data Protection
A1: Control Question # | B1: NIST SP800-53 R4: Control # | C1: HIPAA CFR Control Reference(s) | D1: HITRUST CSF | E1: Control Name | F1: Security Questions: | G1: =Scope!$B$4 & " Response:" -> Client -server application hosted at the data center Response: | H1: =Scope!$B$4 &" Comments:" -> Client -server application hosted at the data center Comments: | I1: =Scope!$D$4 & " Response:" -> Response: | J1: =Scope!$D$4 & " Comments:" -> Comments: | K1: =Scope!$F$4 & " Response:" -> Response: | L1: =Scope!$F$4 & " Comments:" -> Comments:
A2: System and Communications Protection
A3: SC-1.1 | B3: SC-1 | D3: 01.i 03.a 02.a 04.a 04.b 05.a 05.b 05.c | E3: System and Communications Protection Policy and Procedures | F3: Do you have formally documented policies and procedures for System and Communications Protection? If yes, please attach. | H3: Comment is required | J3: Comment is required | L3: Comment is required
A4: SC-2.1 | B4: SC-2 | D4: 01.m 01.s | E4: Application Partitioning | F4: Does the information system separate user functionality (including user interface services) from information system management functionality? | H4: Comment is required | J4: Comment is required | L4: Comment is required
A5: SC-4.1 | B5: SC-4 | D5: 01.w | E5: Information in Shared Resources | F5: Does the information system prevent unauthorized and unintended information transfer via shared system resources? | H5: Comment is required | J5: Comment is required | L5: Comment is required
A6: SC-5.1 | B6: SC-5 | E6: Denial of Service Protection | F6: Does the information system protect against or limits the effect of DOS/DDOS attacks? | H6: Comment is required | J6: Comment is required | L6: Comment is required
A7: SC-6.1 | B7: SC-6 | E7: Resource Availability | F7: Does the information system protect the availability of resources by appropriately allocating those resources? | H7: Comment is required | J7: Comment is required | L7: Comment is required
A8: SC-7.1 | B8: SC-7 | D8: 01.m 01.n 01.o 01.l 01.w 05.i | E8: Boundary Protection | F8: Does the application/system monitor and control communications at the external boundary of the system and at key internal boundaries? | H8: Comment is required | J8: Comment is required | L8: Comment is required
A9: SC-7.2 | F9: Does the application/system connect to external networks or information systems only through managed interfaces with boundary protection devices in place? | H9: Comment is required | J9: Comment is required | L9: Comment is required
A10: SC-7.3 | F10: Do you physically allocate publicly accessible information system components to separate sub networks with separate physical network interfaces? | H10: Comment is required | J10: Comment is required | L10: Comment is required
A11: SC-7.4 | F11: Do you prevent public access into the organization’s internal networks except as appropriately mediated by managed interfaces employing boundary protection devices? | H11: Comment is required | J11: Comment is required | L11: Comment is required
A12: SC-7.5 | F12: Does the system connect to other information systems only through managed interfaces, deny network traffic by default, and allow network traffic by exception (i.e., deny all, permit by exception)? | H12: Comment is required | J12: Comment is required | L12: Comment is required
A13: SC-8.1 | B13: SC-8 | C13: 164.312(c)(1) 164.312(c)(2) 164.312(e)(1) *From SC-09 164.312(e)(2)(i) 164.312(e)(2)(ii) *From SC-09 | E13: Transmission Confidentiality and Integrity | F13: Does the application/system utilize crytopgraphic protocols to protect the integrity of transmitted information? If yes, how is this achieved (e.g., SSL 2, SSL 3, TLS 1.0)? | H13: Comment is required | J13: Comment is required | L13: Comment is required
A14: SC-8.2 | F14: Does the application/system employ cryptographic mechanisms to recognize changes to information during transmission (such as hashing algorithms)? | H14: Comment is required | J14: Comment is required | L14: Comment is required
A15: SC-10.1 | B15: SC-10 | D15: 01.t | E15: Network Disconnect | F15: Does the information system terminate network connection associated with a communication session at the end of the session or after no longer than 30 minutes of inactivity? | H15: Comment is required | J15: Comment is required | L15: Comment is required
A16: SC-12.1 | B16: SC-12 | C16: 164.312(e)(2)(ii) | E16: Cryptographic Key Establishment and Management | F16: Are cryptographic keys established and managed? If no, detail why in the comment. | H16: Comment is required | J16: Comment is required | L16: Comment is required
A17: SC-13.1 | B17: SC-13 | C17: 164.312(a)(2)(iv) 164.312(e)(2)(ii) | E17: Cryptographic Protection | F17: Does the information system use cryptographic protections? If yes, detail the encryption algorithm and strength in the comment (AES 128, 3DES, etc.) | H17: Comment is required | J17: Comment is required | L17: Comment is required
A18: SC-15.1 | B18: SC-15 | D18: 01.v | E18: Collaborative Computing Devices | F18: Does the information system support the use of collaborative computing devices (e.g., networked white boards, cameras, microphones)? | H18: Comment is required | J18: Comment is required | L18: Comment is required
A19: SC-15.2 | F19: Is remote activation prohibited? | H19: Comment is required | J19: Comment is required | L19: Comment is required
A20: SC-15.3 | F20: Does the device indicate to the user that it is actively in use? (E.g., activated microphone or camera has an illuminated indicator light.) | H20: Comment is required | J20: Comment is required | L20: Comment is required
A21: SC-17.1 | B21: SC-17 | E21: Public Key Infrastructure Certificates | F21: Does the organization issue public key certificates or obtain public key certificates from an approved service provider? | H21: Comment is required | J21: Comment is required | L21: Comment is required
A22: SC-18.1 | B22: SC-18 | E22: Mobile Code | F22: Does the organization define acceptable and unacceptable mobile code and mobile code technologies, establish usage restrictions for mobile technologies and monitor and control the use of mobile codes and mobile code technologies within the information system? | H22: Comment is required | J22: Comment is required | L22: Comment is required
A23: SC-19.1 | B23: SC-19 | E23: Voice Over Internet Protocol | F23: Does the organization establish usage restrictions and implementation guidance for Voice over Internet Protocol (VoIP) technologies based on the potential to cause damage to the information system if used maliciously? | H23: Comment is required | J23: Comment is required | L23: Comment is required
A24: SC-20.1 | B24: SC-20 | E24: Secure Name/Address Resolution Service (Authoritative Source) | F24: Does the information system provide additional data origin authentication and integrity verification artifacts along with the authoritative name resolution data the system returns in response to external name/address resolution queries? | H24: Comment is required | J24: Comment is required | L24: Comment is required
A25: SC-21.1 | B25: SC-21 | E25: Secure Name/Address Resolution Service (Recursive or Caching Resolver) | F25: Does the information system request and perform data origin authentication and data integrity verification on the name/address resolution responses the system receives from authoritative sources? | H25: Comment is required | J25: Comment is required | L25: Comment is required
A26: SC-22.1 | B26: SC-22 | E26: Architecture and Provisioning for Name/Address Resolution Service | F26: Does the information system collectively provide name/address resolution service for an organization are fault-tolerant and implement internal/external role separation? | H26: Comment is required | J26: Comment is required | L26: Comment is required
A27: SC-23.1 | B27: SC-23 | E27: Session Authenticity | F27: Does the information system protect the authenticity of communication sessions? | H27: Comment is required | J27: Comment is required | L27: Comment is required
A28: SC-28.1 | B28: SC-28 | E28: Protection of Information at Rest | F28: Does the organization support the capability to use cryptographic mechanisms to protect information at rest? If yes, please provide the encryption algorithm and strength in the comments section. | H28: Comment is required | J28: Comment is required | L28: Comment is required
A29: SC-39.1 | B29: SC-39 | E29: Process Isolation | F29: Does the operating system utilize separate address spaces for executing processes? (Is hardware memory management utilized? Linux - example allow_execheap, allow_execmem, allow_execmod, allow_exectack.) | H29: Comment is required | J29: Comment is required | L29: Comment is required

Sheet 17. System Data Integrity
A1: Control Question # | B1: NIST SP800-53 R4: Control # | C1: HIPAA CFR Control Reference(s) | D1: HITRUST CSF | E1: Control Name | F1: Security Questions: | G1: =Scope!$B$4 & " Response:" -> Client -server application hosted at the data center Response: | H1: =Scope!$B$4 &" Comments:" -> Client -server application hosted at the data center Comments: | I1: =Scope!$D$4 & " Response:" -> Response: | J1: =Scope!$D$4 & " Comments:" -> Comments: | K1: =Scope!$F$4 & " Response:" -> Response: | L1: =Scope!$F$4 & " Comments:" -> Comments:
A2: System and Information Integrity
A3: SI-1.1 | B3: SI-1 | C3: 164.312(c)(1) | D3: 02.a 05.a 04.a 04.b 05.b 05.c | E3: System and Information Integrity Policy and Procedures | F3: Do you have formally documented policies and procedures for System and Information Integrity? If yes, please attach. | H3: Comment is required | J3: Comment is required | L3: Comment is required
A4: SI-2.1 | B4: SI-2 | E4: Flaw Remediation | F4: Are information system flaws identified, reported, and corrected? (I.e., are vulnerability scans performed and addressed?) | H4: Comment is required | J4: Comment is required | L4: Comment is required
A5: SI-2.2 | F5: Are software and firmware updates tested for effectiveness and potential side effects before installation? | H5: Comment is required | J5: Comment is required | L5: Comment is required
A6: SI-2.3 | F6: Is flaw remediation incorporated into the organizational configuration management process? | H6: Comment is required | J6: Comment is required | L6: Comment is required
A7: SI-3.1 | B7: SI-3 | C7: 164.308(a)(5)(ii)(B) | E7: Malicious Code Protection | F7: Do you have an anti-virus running with current updated virus definition (DAT) files? If yes, please provide the name of the anti-virus solutiion utilize in the comments section. | H7: Comment is required | J7: Comment is required | L7: Comment is required
A8: SI-3.2 | F8: Are the DAT files updated regularly? | H8: Comment is required | J8: Comment is required | L8: Comment is required
A9: SI-3.3 | F9: Is the information system and its components periodically scanned for malicious code? | H9: Comment is required | J9: Comment is required | L9: Comment is required
A10: SI-3.4 | F10: Are the administrators notified and do they respond to malicious code detections? | H10: Comment is required | J10: Comment is required | L10: Comment is required
A11: SI-4.1 | B11: SI-4 | C11: 164.308(a)(1)(ii)(D) 164.308(a)(5)(ii)(B) | E11: Information System Monitoring | F11: Is the information system monitored to detect attacks, potential attacks, and unauthorized use? (This can be done through audit activity in real time, monitoring devices, or applications such as Tripwire or SiteScope.) | H11: Comment is required | J11: Comment is required | L11: Comment is required
A12: SI-5.1 | B12: SI-5 | C12: 164.308(a)(5)(ii)(A) | D12: 05.g 05.f | E12: Security Alerts, Advisories, and Directives | F12: Does the team receive or subscribe to external security alerts, listservs, etc. related to the information system? (For instance, does the vendor notify you of security issues with an application?) | H12: Comment is required | J12: Comment is required | L12: Comment is required
A13: SI-5.2 | F13: Does the team generate and disseminate internal security alerts, advisories, and directives as deemed necessary? | H13: Comment is required | J13: Comment is required | L13: Comment is required
A14: SI-7.1 | B14: SI-7 | C14: 164.312(c)(1) 164.312(c)(2) 164.312(e)(2)(i) | E14: Software, Firmware, and Information Integrity | F14: Are integrity verification tools used to detect unauthorized changes to software, firmware, and information? (E.g., Tripwire) | H14: Comment is required | J14: Comment is required | L14: Comment is required
A15: SI-8.1 | B15: SI-8 | C15: 164.308(a)(5)(ii)(B) | E15: Spam Protection | F15: Are spam protection mechanisms in place and updated as needed? | H15: Comment is required | J15: Comment is required | L15: Comment is required
A16: SI-12.1 | B16: SI-12 | E16: Information Handling and Retention | F16: Is information within and output from the system retained for the amount of time as required by data policies and regulations? (This includes paper copies, CDs, DVDs, and flash drives.) | H16: Comment is required | J16: Comment is required | L16: Comment is required

Sheet Override Control Env1
F1: Environment Scope Summary
F2: Service or Product? | G2: Data Types: | H2: Client Data Accessible via: | I2: Certifications | J2: Environment Access
F3: =IF(Scope!B6="Yes",_xlfn.CONCAT("Service ")&IF(Scope!B7="Yes",_xlfn.CONCAT("Product"),""),IF(Scope!B7="Yes",_xlfn.CONCAT("Product"),"Blank")) -> Product | G3: =IF(Scope!B17="Yes","PHI","No PHI") -> PHI | H3: =IF(OR(Scope!B23="Yes",NOT(Scope!C23="")),"Workstation"&_xlfn.CONCAT(" ,",Scope!C23),"") -> Workstation ,Client application is installed on applicable workstations where clinicians can see real-time vitals and chart applicable data to the patient record. Data is then trasmitted from the server to the EMR over HL7 | I3: =IF(Scope!B36="Yes",_xlfn.CONCAT("SOC 1 Type 1 ")&IF(Scope!B37="Yes",_xlfn.CONCAT("SOC 1 Type 2"),""),IF(Scope!B37="Yes",_xlfn.CONCAT("SOC 1 Type 2"),"No SOC 1")) -> No SOC 1 | J3: =IF(Scope!B10="Yes",_xlfn.CONCAT("Remote Access Client Network ")&IF(Scope!B11="Yes",_xlfn.CONCAT("Onsite Network Access"),""),IF(Scope!B11="Yes",_xlfn.CONCAT("Onsite Network Access"),"")) -> Remote Access Client Network Onsite Network Access
F4: =IF(Scope!B6="Yes",Scope!C6,"")& " "&IF(Scope!B7="Yes",Scope!C7,"") -> PeriWatch Tracings | G4: =IF(Scope!B18="Yes","PII","No PII") -> PII | H4: =IF(OR(Scope!B24="Yes",NOT(Scope!C24="")),"Mobile Device"&_xlfn.CONCAT(" ,",Scope!C24),"") | I4: =IF(Scope!B38="Yes",_xlfn.CONCAT("SOC 2 Type 1 ")&IF(Scope!B39="Yes",_xlfn.CONCAT("SOC 2 Type 2"),""),IF(Scope!B39="Yes",_xlfn.CONCAT("SOC 2 Type 2"),"No SOC 2")) -> No SOC 2 | J4: =IF(Scope!B12="Yes",_xlfn.CONCAT("Access Client Infrastructure ")&IF(Scope!B13="Yes",_xlfn.CONCAT("Access Application/Database"),""),IF(Scope!B13="Yes",_xlfn.CONCAT("Access Application/Database"),"")) -> Access Client Infrastructure Access Application/Database
G5: =IF(Scope!B19="Yes","PCI","No PCI") -> No PCI | H5: =IF(OR(Scope!B25="Yes",NOT(Scope!C25="")),"Medical Device"&_xlfn.CONCAT(" ,",Scope!C25),"") -> Medical Device ,Fetal monitors | I5: =IF(Scope!B40="Yes",_xlfn.CONCAT("SOC 3 ")&IF(Scope!B41="Yes",_xlfn.CONCAT("HITRUST"),""),IF(Scope!B41="Yes",_xlfn.CONCAT("HITRUST"),"")) | J5: =IF(Scope!B14="Yes",_xlfn.CONCAT("Receive Client Data ")&IF(Scope!B15="Yes",_xlfn.CONCAT("No Access"),""),IF(Scope!B15="Yes",_xlfn.CONCAT("No Access"),"")) -> Receive Client Data
G6: =IF(Scope!B20="Yes",_xlfn.CONCAT("Employee Information ")&IF(Scope!B21="Yes",_xlfn.CONCAT(" Proprietary Information")),IF(Scope!B21="Yes",_xlfn.CONCAT("Proprietary Information"),"No Employee or Proprietary Informaiton")) -> No Employee or Proprietary Informaiton | H6: =IF(OR(Scope!B26="Yes",NOT(Scope!C26="")),"Other"&_xlfn.CONCAT(" ,",Scope!C26),"") | I6: =IF(Scope!B42="Yes",_xlfn.CONCAT("PCI DSS ")&IF(Scope!B42="Yes",_xlfn.CONCAT("ISO 27001"),""),IF(Scope!B42="Yes",_xlfn.CONCAT("ISO 27001"),""))
I7: =IF(Scope!B44="Yes",_xlfn.CONCAT("FedRamp ")&IF(Scope!B45="Yes",_xlfn.CONCAT("HIPAA"),""),IF(Scope!B43="Yes",_xlfn.CONCAT("HIPAA"),""))
A8: Tier | B8: Client Tier | C8: Calc Tier | D8: Control Family | E8: Control Question # | F8: Control Name | G8: Security Question | H8: Comment | I8: Response | J8: Calc Response | K8: Override | L8: Final Response | M8: Reviewer Comment | N8: FindOverrideChanges | O8: Response: | P8: Comments/ Notes: | Q8: FinalResponse | R8: Overrides | S8: OverrideTier | T8: CheckOverrideChanges
A9: 3 | C9: =IF($B9="",$A9,$B9) -> 3 | D9: Access Controls | E9: AC-1.1 | F9: Access Control Policy and Procedures | G9: Are there formally documented policies and procedures for access control? If yes, please attach. | H9: ='1. Access Controls'!$H3 -> Comment is required | I9: ='1. Access Controls'!$G3 -> 0 | J9: =IF($I9="Yes","Adequate",IF($I9="No","Inadequate",IF($I9="Partial","Inadequate",IF($I9="N/A","Inadequate",IF(OR($I9="",$I9=0),"Blank","Error"))))) -> Blank | K9: No Override | L9: =IF($K9="No Override",$J9,$K9) -> Blank | N9: =IF($J9=$L9,"","***") | O9: =IF(OR($I9="",$I9=0),"",$I9) | P9: =IF(OR($H9="",$H9=0),"",$H9) -> Comment is required | Q9: =$L9 -> Blank | R9: =$K9 -> No Override | S9: =$C9 -> 3 | T9: =IF($L9=$Q9,"","***")
A10: 1 | C10: =IF($B10="",$A10,$B10) -> 1 | D10: Access Controls | E10: AC-2.1 | F10: Account Management | G10: Do you have a process for managing accounts, including - creating, modifying, monitoring, and deleting/disabling accounts? | H10: ='1. Access Controls'!$H4 -> Comment is required | I10: ='1. Access Controls'!$G4 -> 0 | J10: =IF($I10="Yes","Adequate",IF($I10="No","Inadequate",IF($I10="Partial","Inadequate",IF($I10="N/A","Inadequate",IF(OR($I10="",$I10=0),"Blank","Error"))))) -> Blank | K10: No Override | L10: =IF($K10="No Override",$J10,$K10) -> Blank | N10: =IF($J10=$L10,"","***") | O10: =IF(OR($I10="",$I10=0),"",$I10) | P10: =IF(OR($H10="",$H10=0),"",$H10) -> Comment is required | Q10: =$L10 -> Blank | R10: =$K10 -> No Override | S10: =$C10 -> 1 | T10: =IF($L10=$Q10,"","***")
A11: 1 | C11: =IF($B11="",$A11,$B11) -> 1 | D11: Access Controls | E11: AC-2.2 | F11: Account Management | G11: Are accounts reviewed on a periodic basis? If yes, include timeframe in comment. | H11: ='1. Access Controls'!$H5 -> Comment is required | I11: ='1. Access Controls'!$G5 -> 0 | J11: =IF($I11="Yes","Adequate",IF($I11="No","Inadequate",IF($I11="Partial","Inadequate",IF($I11="N/A","Inadequate",IF(OR($I11="",$I11=0),"Blank","Error"))))) -> Blank | K11: No Override | L11: =IF($K11="No Override",$J11,$K11) -> Blank | N11: =IF($J11=$L11,"","***") | O11: =IF(OR($I11="",$I11=0),"",$I11) | P11: =IF(OR($H11="",$H11=0),"",$H11) -> Comment is required | Q11: =$L11 -> Blank | R11: =$K11 -> No Override | S11: =$C11 -> 1 | T11: =IF($L11=$Q11,"","***")
A12: 1 | C12: =IF($B12="",$A12,$B12) -> 1 | D12: Access Controls | E12: AC-2.3 | F12: Account Management | G12: Have all guest, shared (other than Admin/Root), or group accounts been removed or disabled? | H12: ='1. Access Controls'!$H6 -> Comment is required | I12: ='1. Access Controls'!$G6 -> 0 | J12: =IF($I12="Yes","Adequate",IF($I12="No","Inadequate",IF($I12="Partial","Inadequate",IF($I12="N/A","Inadequate",IF(OR($I12="",$I12=0),"Blank","Error"))))) -> Blank | K12: No Override | L12: =IF($K12="No Override",$J12,$K12) -> Blank | N12: =IF($J12=$L12,"","***") | O12: =IF(OR($I12="",$I12=0),"",$I12) | P12: =IF(OR($H12="",$H12=0),"",$H12) -> Comment is required | Q12: =$L12 -> Blank | R12: =$K12 -> No Override | S12: =$C12 -> 1 | T12: =IF($L12=$Q12,"","***")
A13: 1 | C13: =IF($B13="",$A13,$B13) -> 1 | D13: Access Controls | E13: AC-2.4 | F13: Account Management | G13: Are account managers notified when accounts are no longer required, when users are terminated or transferred, or when individual access requirements change? | H13: ='1. Access Controls'!$H7 -> Comment is required | I13: ='1. Access Controls'!$G7 -> 0 | J13: =IF($I13="Yes","Adequate",IF($I13="No","Inadequate",IF($I13="Partial","Inadequate",IF($I13="N/A","Inadequate",IF(OR($I13="",$I13=0),"Blank","Error"))))) -> Blank | K13: No Override | L13: =IF($K13="No Override",$J13,$K13) -> Blank | N13: =IF($J13=$L13,"","***") | O13: =IF(OR($I13="",$I13=0),"",$I13) | P13: =IF(OR($H13="",$H13=0),"",$H13) -> Comment is required | Q13: =$L13 -> Blank | R13: =$K13 -> No Override | S13: =$C13 -> 1 | T13: =IF($L13=$Q13,"","***")
A14: 1 | C14: =IF($B14="",$A14,$B14) -> 1 | D14: Access Controls | E14: AC-2.5 | F14: Account Management | G14: Is approval from an authorized signer required before provisioning accounts? | H14: ='1. Access Controls'!$H8 -> Comment is required | I14: ='1. Access Controls'!$G8 -> 0 | J14: =IF($I14="Yes","Adequate",IF($I14="No","Inadequate",IF($I14="Partial","Inadequate",IF($I14="N/A","Inadequate",IF(OR($I14="",$I14=0),"Blank","Error"))))) -> Blank | K14: No Override | L14: =IF($K14="No Override",$J14,$K14) -> Blank | N14: =IF($J14=$L14,"","***") | O14: =IF(OR($I14="",$I14=0),"",$I14) | P14: =IF(OR($H14="",$H14=0),"",$H14) -> Comment is required | Q14: =$L14 -> Blank | R14: =$K14 -> No Override | S14: =$C14 -> 1 | T14: =IF($L14=$Q14,"","***")
A15: 1 | C15: =IF($B15="",$A15,$B15) -> 1 | D15: Access Controls | E15: AC-3.1 | F15: Access Enforcement | G15: Does the information system verify the rights of a user to access the information system? (Access Control Lists, Group/Role membership?) If yes, detail how the access is enforced in the comment. | H15: ='1. Access Controls'!$H9 -> Comment is required | I15: ='1. Access Controls'!$G9 -> 0 | J15: =IF($I15="Yes","Adequate",IF($I15="No","Inadequate",IF($I15="Partial","Inadequate",IF($I15="N/A","Inadequate",IF(OR($I15="",$I15=0),"Blank","Error"))))) -> Blank | K15: No Override | L15: =IF($K15="No Override",$J15,$K15) -> Blank | N15: =IF($J15=$L15,"","***") | O15: =IF(OR($I15="",$I15=0),"",$I15) | P15: =IF(OR($H15="",$H15=0),"",$H15) -> Comment is required | Q15: =$L15 -> Blank | R15: =$K15 -> No Override | S15: =$C15 -> 1 | T15: =IF($L15=$Q15,"","***")
A16: 3 | C16: =IF($B16="",$A16,$B16) -> 3 | D16: Access Controls | E16: AC-3.2 | F16: Access Enforcement | G16: Does the information system support role-based account management and access controls (RBAC)? | H16: ='1. Access Controls'!$H10 -> Comment is required | I16: ='1. Access Controls'!$G10 -> 0 | J16: =IF($I16="Yes","Adequate",IF($I16="No","Inadequate",IF($I16="Partial","Inadequate",IF($I16="N/A","Inadequate",IF(OR($I16="",$I16=0),"Blank","Error"))))) -> Blank | K16: No Override | L16: =IF($K16="No Override",$J16,$K16) -> Blank | N16: =IF($J16=$L16,"","***") | O16: =IF(OR($I16="",$I16=0),"",$I16) | P16: =IF(OR($H16="",$H16=0),"",$H16) -> Comment is required | Q16: =$L16 -> Blank | R16: =$K16 -> No Override | S16: =$C16 -> 3
A17: 4 | C17: =IF($B17="",$A17,$B17) -> 4 | D17: Access Controls | E17: AC-3.3 | F17: Access Enforcement | G17: If RBAC is supported, can a customer administrator create/customize unique roles and permissions. | H17: ='1. Access Controls'!$H11 -> Comment is required | I17: ='1. Access Controls'!$G11 -> 0 | J17: =IF($I17="Yes","Adequate",IF($I17="No","Inadequate",IF($I17="Partial","Inadequate",IF($I17="N/A","Inadequate",IF(OR($I17="",$I17=0),"Blank","Error"))))) -> Blank | K17: No Override | L17: =IF($K17="No Override",$J17,$K17) -> Blank | N17: =IF($J17=$L17,"","***") | O17: =IF(OR($I17="",$I17=0),"",$I17) | P17: =IF(OR($H17="",$H17=0),"",$H17) -> Comment is required | Q17: =$L17 -> Blank | R17: =$K17 -> No Override | S17: =$C17 -> 4
A18: 2 | C18: =IF($B18="",$A18,$B18) -> 2 | D18: Access Controls | E18: AC-4.1 | F18: Information Flow Enforcement | G18: Is the flow of sensitive information secured between interconnected systems? (Firewall rule sets - iptables, proxies, encrypted tunnels.) | H18: ='1. Access Controls'!$H12 -> Comment is required | I18: ='1. Access Controls'!$G12 -> 0 | J18: =IF($I18="Yes","Adequate",IF($I18="No","Inadequate",IF($I18="Partial","Inadequate",IF($I18="N/A","Inadequate",IF(OR($I18="",$I18=0),"Blank","Error"))))) -> Blank | K18: No Override | L18: =IF($K18="No Override",$J18,$K18) -> Blank | N18: =IF($J18=$L18,"","***") | O18: =IF(OR($I18="",$I18=0),"",$I18) | P18: =IF(OR($H18="",$H18=0),"",$H18) -> Comment is required | Q18: =$L18 -> Blank | R18: =$K18 -> No Override | S18: =$C18 -> 2 | T18: =IF($L18=$Q18,"","***")
A19: 4 | C19: =IF($B19="",$A19,$B19) -> 4 | D19: Access Controls | E19: AC-5.1 | F19: Separation of Duties | G19: Is separation of duties implemented? (E.g., Mission functions and support functions divided among personnel, different administrative accounts for different roles.) | H19: ='1. Access Controls'!$H13 -> Comment is required | I19: ='1. Access Controls'!$G13 -> 0 | J19: =IF($I19="Yes","Adequate",IF($I19="No","Inadequate",IF($I19="Partial","Inadequate",IF($I19="N/A","Inadequate",IF(OR($I19="",$I19=0),"Blank","Error"))))) -> Blank | K19: No Override | L19: =IF($K19="No Override",$J19,$K19) -> Blank | N19: =IF($J19=$L19,"","***") | O19: =IF(OR($I19="",$I19=0),"",$I19) | P19: =IF(OR($H19="",$H19=0),"",$H19) -> Comment is required | Q19: =$L19 -> Blank | R19: =$K19 -> No Override | S19: =$C19 -> 4 | T19: =IF($L19=$Q19,"","***")
A20: 2 | C20: =IF($B20="",$A20,$B20) -> 2 | D20: Access Controls | E20: AC-6.1 | F20: Least Privilege | G20: Is least privilege employed? (I.e., must administrators switch to the root or a separate administrator account to perform administrative functions/make system changes?) | H20: ='1. Access Controls'!$H14 -> Comment is required | I20: ='1. Access Controls'!$G14 -> 0 | J20: =IF($I20="Yes","Adequate",IF($I20="No","Inadequate",IF($I20="Partial","Inadequate",IF($I20="N/A","Inadequate",IF(OR($I20="",$I20=0),"Blank","Error"))))) -> Blank | K20: No Override | L20: =IF($K20="No Override",$J20,$K20) -> Blank | N20: =IF($J20=$L20,"","***") | O20: =IF(OR($I20="",$I20=0),"",$I20) | P20: =IF(OR($H20="",$H20=0),"",$H20) -> Comment is required | Q20: =$L20 -> Blank | R20: =$K20 -> No Override | S20: =$C20 -> 2 | T20: =IF($L20=$Q20,"","***")
A21: 2 | C21: =IF($B21="",$A21,$B21) -> 2 | D21: Access Controls | E21: AC-7.1 | F21: Unsuccessful Logon Attempts | G21: Is an account automatically locked out after a set amount of login attempts? If yes, please provide the number of failed attempts that trigger an account to be locked out, in the comments section. | H21: ='1. Access Controls'!$H15 -> Comment is required | I21: ='1. Access Controls'!$G15 -> 0 | J21: =IF($I21="Yes","Adequate",IF($I21="No","Inadequate",IF($I21="Partial","Inadequate",IF($I21="N/A","Inadequate",IF(OR($I21="",$I21=0),"Blank","Error"))))) -> Blank | K21: No Override | L21: =IF($K21="No Override",$J21,$K21) -> Blank | N21: =IF($J21=$L21,"","***") | O21: =IF(OR($I21="",$I21=0),"",$I21) | P21: =IF(OR($H21="",$H21=0),"",$H21) -> Comment is required | Q21: =$L21 -> Blank | R21: =$K21 -> No Override | S21: =$C21 -> 2 | T21: =IF($L21=$Q21,"","***")
A22: 4 | C22: =IF($B22="",$A22,$B22) -> 4 | D22: Access Controls | E22: AC-8.1 | F22: System Use Notification | G22: Is there a system use notification displayed before granting access that provides privacy and security notices? | H22: ='1. Access Controls'!$H16 -> Comment is required | I22: ='1. Access Controls'!$G16 -> 0 | J22: =IF($I22="Yes","Adequate",IF($I22="No","Inadequate",IF($I22="Partial","Inadequate",IF($I22="N/A","Inadequate",IF(OR($I22="",$I22=0),"Blank","Error"))))) -> Blank | K22: No Override | L22: =IF($K22="No Override",$J22,$K22) -> Blank | N22: =IF($J22=$L22,"","***") | O22: =IF(OR($I22="",$I22=0),"",$I22) | P22: =IF(OR($H22="",$H22=0),"",$H22) -> Comment is required | Q22: =$L22 -> Blank | R22: =$K22 -> No Override | S22: =$C22 -> 4 | T22: =IF($L22=$Q22,"","***")
A23: 4 | C23: =IF($B23="",$A23,$B23) -> 4 | D23: Access Controls | E23: AC-9.1 | F23: Previous Logon Notification | G23: Does the system display the last user logon date and time to the user? | H23: ='1. Access Controls'!$H17 -> Comment is required | I23: ='1. Access Controls'!$G17 -> 0 | J23: =IF($I23="Yes","Adequate",IF($I23="No","Inadequate",IF($I23="Partial","Inadequate",IF($I23="N/A","Inadequate",IF(OR($I23="",$I23=0),"Blank","Error"))))) -> Blank | K23: No Override | L23: =IF($K23="No Override",$J23,$K23) -> Blank | N23: =IF($J23=$L23,"","***") | O23: =IF(OR($I23="",$I23=0),"",$I23) | P23: =IF(OR($H23="",$H23=0),"",$H23) -> Comment is required | Q23: =$L23 -> Blank | R23: =$K23 -> No Override | S23: =$C23 -> 4 | T23: =IF($L23=$Q23,"","***")
A24: 4 | C24: =IF($B24="",$A24,$B24) -> 4 | D24: Access Controls | E24: AC-10.1 | F24: Concurrent Session Control | G24: Does the system limit the number of concurrent sessions for the user? | H24: ='1. Access Controls'!$H18 -> Comment is required | I24: ='1. Access Controls'!$G18 -> 0 | J24: =IF($I24="Yes","Adequate",IF($I24="No","Inadequate",IF($I24="Partial","Inadequate",IF($I24="N/A","Inadequate",IF(OR($I24="",$I24=0),"Blank","Error"))))) -> Blank | K24: No Override | L24: =IF($K24="No Override",$J24,$K24) -> Blank | N24: =IF($J24=$L24,"","***") | O24: =IF(OR($I24="",$I24=0),"",$I24) | P24: =IF(OR($H24="",$H24=0),"",$H24) -> Comment is required | Q24: =$L24 -> Blank | R24: =$K24 -> No Override | S24: =$C24 -> 4 | T24: =IF($L24=$Q24,"","***")
A25: 2 | C25: =IF($B25="",$A25,$B25) -> 2 | D25: Access Controls | E25: AC-11.1 | F25: Session Lock | G25: Does the application/system have a session lock after a period of inactivity that requires a user to reauthenticate? | H25: ='1. Access Controls'!$H19 -> Comment is required | I25: ='1. Access Controls'!$G19 -> 0 | J25: =IF($I25="Yes","Adequate",IF($I25="No","Inadequate",IF($I25="Partial","Inadequate",IF($I25="N/A","Inadequate",IF(OR($I25="",$I25=0),"Blank","Error"))))) -> Blank | K25: No Override | L25: =IF($K25="No Override",$J25,$K25) -> Blank | N25: =IF($J25=$L25,"","***") | O25: =IF(OR($I25="",$I25=0),"",$I25) | P25: =IF(OR($H25="",$H25=0),"",$H25) -> Comment is required | Q25: =$L25 -> Blank | R25: =$K25 -> No Override | S25: =$C25 -> 2 | T25: =IF($L25=$Q25,"","***")
A26: 2 | C26: =IF($B26="",$A26,$B26) -> 2 | D26: Access Controls | E26: AC-12.1 | F26: Session Termination | G26: Does the application/system terminate the session after predefined circumstances? | H26: ='1. Access Controls'!$H20 -> Comment is required | I26: ='1. Access Controls'!$G20 -> 0 | J26: =IF($I26="Yes","Adequate",IF($I26="No","Inadequate",IF($I26="Partial","Inadequate",IF($I26="N/A","Inadequate",IF(OR($I26="",$I26=0),"Blank","Error"))))) -> Blank | K26: No Override | L26: =IF($K26="No Override",$J26,$K26) -> Blank | N26: =IF($J26=$L26,"","***") | O26: =IF(OR($I26="",$I26=0),"",$I26) | P26: =IF(OR($H26="",$H26=0),"",$H26) -> Comment is required | Q26: =$L26 -> Blank | R26: =$K26 -> No Override | S26: =$C26 -> 2 | T26: =IF($L26=$Q26,"","***")
A27: 2 | C27: =IF($B27="",$A27,$B27) -> 2 | D27: Access Controls | E27: AC-14.1 | F27: Permitted Actions without Identification or Authentication | G27: Does the system prevent user actions that can be performed on the system without identification and authentication? | H27: ='1. Access Controls'!$H21 -> Comment is required | I27: ='1. Access Controls'!$G21 -> 0 | J27: =IF($I27="Yes","Adequate",IF($I27="No","Inadequate",IF($I27="Partial","Inadequate",IF($I27="N/A","Inadequate",IF(OR($I27="",$I27=0),"Blank","Error"))))) -> Blank | K27: No Override | L27: =IF($K27="No Override",$J27,$K27) -> Blank | N27: =IF($J27=$L27,"","***") | O27: =IF(OR($I27="",$I27=0),"",$I27) | P27: =IF(OR($H27="",$H27=0),"",$H27) -> Comment is required | Q27: =$L27 -> Blank | R27: =$K27 -> No Override | S27: =$C27 -> 2 | T27: =IF($L27=$Q27,"","***")
A28: 2 | C28: =IF($B28="",$A28,$B28) -> 2 | D28: Access Controls | E28: AC-16.1 | F28: Security Attributes | G28: Is protected health information identified as such with access only provided to authorized personnel? | H28: ='1. Access Controls'!$H22 -> Comment is required | I28: ='1. Access Controls'!$G22 -> 0 | J28: =IF($I28="Yes","Adequate",IF($I28="No","Inadequate",IF($I28="Partial","Inadequate",IF($I28="N/A","Inadequate",IF(OR($I28="",$I28=0),"Blank","Error"))))) -> Blank | K28: No Override | L28: =IF($K28="No Override",$J28,$K28) -> Blank | N28: =IF($J28=$L28,"","***") | O28: =IF(OR($I28="",$I28=0),"",$I28) | P28: =IF(OR($H28="",$H28=0),"",$H28) -> Comment is required | Q28: =$L28 -> Blank | R28: =$K28 -> No Override | S28: =$C28 -> 2 | T28: =IF($L28=$Q28,"","***")
A29: 1 | C29: =IF($B29="",$A29,$B29) -> 1 | D29: Access Controls | E29: AC-17.1 | F29: Remote Access | G29: Is remote access allowed from outside the network only through the use of the VPN client? | H29: ='1. Access Controls'!$H23 -> Comment is required | I29: ='1. Access Controls'!$G23 -> 0 | J29: =IF($I29="Yes","Adequate",IF($I29="No","Inadequate",IF($I29="Partial","Inadequate",IF($I29="N/A","Inadequate",IF(OR($I29="",$I29=0),"Blank","Error"))))) -> Blank | K29: No Override | L29: =IF($K29="No Override",$J29,$K29) -> Blank | N29: =IF($J29=$L29,"","***") | O29: =IF(OR($I29="",$I29=0),"",$I29) | P29: =IF(OR($H29="",$H29=0),"",$H29) -> Comment is required | Q29: =$L29 -> Blank | R29: =$K29 -> No Override | S29: =$C29 -> 1 | T29: =IF($L29=$Q29,"","***")
... A31: 1 | C31: =IF($B31="",$A31,$B31) -> 1 | D31: Access Controls | E31: AC-17.3 | F31: Remote Access | G31: Is remote access to the information system authorized prior to allowing such connections? | H31: ='1. Access Controls'!$H25 -> Comment is required | I31: ='1. Access Controls'!$G25 -> 0 | J31: =IF($I31="Yes","Adequate",IF($I31="No","Inadequate",IF($I31="Partial","Inadequate",IF($I31="N/A","Inadequate",IF(OR($I31="",$I31=0),"Blank","Error"))))) -> Blank | K31: No Override | L31: =IF($K31="No Override",$J31,$K31) -> Blank | N31: =IF($J31=$L31,"","***") | O31: =IF(OR($I31="",$I31=0),"",$I31) | P31: =IF(OR($H31="",$H31=0),"",$H31) -> Comment is required | Q31: =$L31 -> Blank | R31: =$K31 -> No Override | S31: =$C31 -> 1 | T31: =IF($L31=$Q31,"","***")
B32: 1 | C32: =IF($B32="",$A32,$B32) -> 1 | D32: Access Controls | E32: AVH-AC-17.4 | G32: All vendors and 3rd party consultants are required to utilize SecureLink for all remote access requests. Is your organization able to use SecureLink for all remote access requests? If not, please explain why not. Additionally, please provide the name and supplemental documentation of the remote access solution currently used by your organization for review by Avera's Information Security department in lieu of SecureLink. | H32: ='1. Access Controls'!$H26 -> Comment is required | I32: ='1. Access Controls'!$G26 -> 0 | J32: =IF($I32="Yes","Adequate",IF($I32="No","Inadequate",IF($I32="Partial","Inadequate",IF($I32="N/A","Inadequate",IF(OR($I32="",$I32=0),"Blank","Error"))))) -> Blank | K32: No Override | L32: =IF($K32="No Override",$J32,$K32) -> Blank | N32: =IF($J32=$L32,"","***") | O32: =IF(OR($I32="",$I32=0),"",$I32) | P32: =IF(OR($H32="",$H32=0),"",$H32) -> Comment is required | Q32: =$L32 -> Blank | R32: =$K32 -> No Override | S32: =$C32 -> 1 | T32: =IF($L32=$Q32,"","***")
A33: 1 | C33: =IF($B33="",$A33,$B33) -> 1 | D33: Access Controls | E33: AC-18.1 | F33: Wireless Access | G33: Does the information system and/or associated device allow wireless access and only connect to secure networks? (Network access, Bluetooth, infrared, etc.) | H33: ='1. Access Controls'!$H27 -> Comment is required | I33: ='1. Access Controls'!$G27 -> 0 | J33: =IF($I33="Yes","Adequate",IF($I33="No","Adequate",IF($I33="Partial","Inadequate",IF($I33="N/A","Inadequate",IF(OR($I33="",$I33=0),"Blank","Error"))))) -> Blank | K33: No Override | L33: =IF($K33="No Override",$J33,$K33) -> Blank | N33: =IF($J33=$L33,"","***") | O33: =IF(OR($I33="",$I33=0),"",$I33) | P33: =IF(OR($H33="",$H33=0),"",$H33) -> Comment is required | Q33: =$L33 -> Blank | R33: =$K33 -> No Override | S33: =$C33 -> 1 | T33: =IF($L33=$Q33,"","***")
A34: 4 | C34: =IF($B34="",$A34,$B34) -> 4 | D34: Access Controls | E34: AC-19.1 | F34: Access Control for Mobile Devices | G34: Can users or administrators connect using mobile devices (i.e. iPad, Smart Phone, PDAs)? | H34: ='1. Access Controls'!$H28 -> Comment is required | I34: ='1. Access Controls'!$G28 -> 0 | J34: =IF(AND($I34="Yes",$I35="Yes",$I36="Yes"),"Adequate",IF(AND($I34="Yes",OR(NOT($I35="Yes"),NOT($I36="Yes"))),"Inadequate",IF($I34="No","N/A",IF($I34="Partial","Inadequate",IF($I34="N/A","N/A",IF(OR($I34="",$I34=0),"Blank","Error")))))) -> Blank | K34: No Override | L34: =IF($K34="No Override",$J34,$K34) -> Blank | N34: =IF($J34=$L34,"","***") | O34: =IF(OR($I34="",$I34=0),"",$I34) | P34: =IF(OR($H34="",$H34=0),"",$H34) -> Comment is required | Q34: =$L34 -> Blank | R34: =$K34 -> No Override | S34: =$C34 -> 4 | T34: =IF($L34=$Q34,"","***")
A35: 2 | C35: =IF($B35="",$A35,$B35) -> 2 | D35: Access Controls | E35: AC-19.2 | F35: Access Control for Mobile Devices | G35: Are there established and documented usage restrictions for those connections? | H35: ='1. Access Controls'!$H29 -> Comment is required | I35: ='1. Access Controls'!$G29 -> 0 | J35: =IF(OR($I34="N/A",$I34="No"),"N/A",IF($I35="Yes","Adequate",IF($I35="No","Inadequate",IF($I35="Partial","Inadequate",IF(AND($I35="N/A",NOT($I34="No"),NOT($I34="N/A")),"Inadequate",IF(OR($I35="",$I35=0),"Blank","Error")))))) -> Blank | K35: No Override | L35: =IF($K35="No Override",$J35,$K35) -> Blank | N35: =IF($J35=$L35,"","***") | O35: =IF(OR($I35="",$I35=0),"",$I35) | P35: =IF(OR($H35="",$H35=0),"",$H35) -> Comment is required | Q35: =$L35 -> Blank | R35: =$K35 -> No Override | S35: =$C35 -> 2 | T35: =IF($L35=$Q35,"","***")
A36: 2 | C36: =IF($B36="",$A36,$B36) -> 2 | D36: Access Controls | E36: AC-19.3 | F36: Access Control for Mobile Devices | G36: Is remote access to the information system authorized prior to allowing such connections? | H36: ='1. Access Controls'!$H30 -> Comment is required | I36: ='1. Access Controls'!$G30 -> 0 | J36: =IF(OR($I34="N/A",$I34="No"),"N/A",IF($I36="Yes","Adequate",IF($I36="No","Inadequate",IF($I36="Partial","Inadequate",IF(AND($I36="N/A",NOT($I34="No"),NOT($I34="N/A")),"Inadequate",IF(OR($I36="",$I36=0),"Blank","Error")))))) -> Blank | K36: No Override | L36: =IF($K36="No Override",$J36,$K36) -> Blank | N36: =IF($J36=$L36,"","***") | O36: =IF(OR($I36="",$I36=0),"",$I36) | P36: =IF(OR($H36="",$H36=0),"",$H36) -> Comment is required | Q36: =$L36 -> Blank | R36: =$K36 -> No Override | S36: =$C36 -> 2 | T36: =IF($L36=$Q36,"","***")
A37: 4 | C37: =IF($B37="",$A37,$B37) -> 4 | D37: Access Controls | E37: AC-20.1 | F37: Use of External Information Systems | G37: Does the information system have any trust relationships with external environments? (E.g., interconnection agreements with third parties.) | H37: ='1. Access Controls'!$H31 -> Comment is required | I37: ='1. Access Controls'!$G31 -> 0 | J37: =IF(AND($I37="Yes",$I38="Yes"),"Adequate",IF(AND($I37="Yes",NOT($I38="Yes")),"Inadequate",IF($I37="No","N/A",IF($I37="Partial","Inadequate",IF($I37="N/A","N/A",IF(OR($I37="",$I37=0),"Blank","Error")))))) -> Blank | K37: No Override | L37: =IF($K37="No Override",$J37,$K37) -> Blank | N37: =IF($J37=$L37,"","***") | O37: =IF(OR($I37="",$I37=0),"",$I37) | P37: =IF(OR($H37="",$H37=0),"",$H37) -> Comment is required | Q37: =$L37 -> Blank | R37: =$K37 -> No Override | S37: =$C37 -> 4 | T37: =IF($L37=$Q37,"","***")
A38: 2 | C38: =IF($B38="",$A38,$B38) -> 2 | D38: Access Controls | E38: AC-20.2 | F38: Use of External Information Systems | G38: Are there established terms and conditions to access, process, store, or transmit organizational information using their systems? | H38: ='1. Access Controls'!$H32 -> Comment is required | I38: ='1. Access Controls'!$G32 -> 0 | J38: =IF(OR($I37="N/A",$I37="No"),"N/A",IF($I38="Yes","Adequate",IF($I38="No","Inadequate",IF($I38="Partial","Inadequate",IF(AND($I38="N/A",NOT($I37="No"),NOT($I37="N/A")),"Inadequate",IF(OR($I38="",$I38=0),"Blank","Error")))))) -> Blank | K38: No Override | L38: =IF($K38="No Override",$J38,$K38) -> Blank | N38: =IF($J38=$L38,"","***") | O38: =IF(OR($I38="",$I38=0),"",$I38) | P38: =IF(OR($H38="",$H38=0),"",$H38) -> Comment is required | Q38: =$L38 -> Blank | R38: =$K38 -> No Override | S38: =$C38 -> 2 | T38: =IF($L38=$Q38,"","***")
A39: 4 | C39: =IF($B39="",$A39,$B39) -> 4 | D39: Access Controls | E39: AC-21.1 | F39: Information Sharing | G39: Does the organization facilitate information sharing by enabling authorized users to determine whether access authorizations assigned to the sharing partner match the access restriction on the information for the user? | H39: ='1. Access Controls'!$H33 -> Comment is required | I39: ='1. Access Controls'!$G33 -> 0 | J39: =IF($I39="Yes","Adequate",IF($I39="No","Inadequate",IF($I39="Partial","Inadequate",IF($I39="N/A","Inadequate",IF(OR($I39="",$I39=0),"Blank","Error"))))) -> Blank | K39: No Override | L39: =IF($K39="No Override",$J39,$K39) -> Blank | N39: =IF($J39=$L39,"","***") | O39: =IF(OR($I39="",$I39=0),"",$I39) | P39: =IF(OR($H39="",$H39=0),"",$H39) -> Comment is required | Q39: =$L39 -> Blank | R39: =$K39 -> No Override | S39: =$C39 -> 4 | T39: =IF($L39=$Q39,"","***")
A40: 4 | C40: =IF($B40="",$A40,$B40) -> 4 | D40: Access Controls | E40: AC-22.1 | F40: Publicly Accessible Content | G40: Is there any publicly accessible information? | H40: ='1. Access Controls'!$H34 -> Comment is required | I40: ='1. Access Controls'!$G34 -> 0 | J40: =IF(AND($I40="Yes",$I41="Yes"),"Adequate",IF(AND($I40="Yes",Scope!$B$17="No",Scope!$B$21="No",Scope!$B$18="No",Scope!$B$19="No"),"Adequate",IF(AND($I40="Yes",NOT($I41="Yes")),"Inadequate",IF($I40="No","N/A",IF($I40="Partial","Inadequate",IF($I40="N/A","N/A",IF(OR($I40="",$I40=0),"Blank","Error"))))))) -> Blank | K40: No Override | L40: =IF($K40="No Override",$J40,$K40) -> Blank | N40: =IF($J40=$L40,"","***") | O40: =IF(OR($I40="",$I40=0),"",$I40) | P40: =IF(OR($H40="",$H40=0),"",$H40) -> Comment is required | Q40: =$L40 -> Blank | R40: =$K40 -> No Override | S40: =$C40 -> 4 | T40: =IF($L40=$Q40,"","***")
A41: 4 | C41: =IF($B41="",$A41,$B41) -> 4 | D41: Access Controls | E41: AC-22.2 | F41: Publicly Accessible Content | G41: Are designated individuals trained to post and review information on the publicly accessible site? | H41: ='1. Access Controls'!$H35 -> Comment is required | I41: ='1. Access Controls'!$G35 -> 0 | J41: =IF(OR($I40="N/A",$I40="No"),"N/A",IF($I41="Yes","Adequate",IF($I41="No","Inadequate",IF($I41="Partial","Inadequate",IF(AND($I41="N/A",NOT($I40="No"),NOT($I40="N/A")),"Inadequate",IF(OR($I41="",$I41=0),"Blank","Error")))))) -> Blank | K41: No Override | L41: =IF($K41="No Override",$J41,$K41) -> Blank | N41: =IF($J41=$L41,"","***") | O41: =IF(OR($I41="",$I41=0),"",$I41) | P41: =IF(OR($H41="",$H41=0),"",$H41) -> Comment is required | Q41: =$L41 -> Blank | R41: =$K41 -> No Override | S41: =$C41 -> 4 | T41: =IF($L41=$Q41,"","***")
A42: 2 | C42: =IF($B42="",$A42,$B42) -> 2 | D42: Awareness and Training | E42: AT-1.1 | F42: Security Awareness and Training Policy and Procedures | G42: Are there formally documented procedures for security awareness and training for this information system? If yes, please attach. | H42: ='2. Awareness and Training'!$H3 -> Comment is required | I42: ='2. Awareness and Training'!$G3 -> 0 | J42: =IF($I42="Yes","Adequate",IF($I42="No","Inadequate",IF($I42="Partial","Inadequate",IF($I42="N/A","Inadequate",IF(OR($I42="",$I42=0),"Blank","Error"))))) -> Blank | K42: No Override | L42: =IF($K42="No Override",$J42,$K42) -> Blank | N42: =IF($J42=$L42,"","***") | O42: =IF(OR($I42="",$I42=0),"",$I42) | P42: =IF(OR($H42="",$H42=0),"",$H42) -> Comment is required | Q42: =$L42 -> Blank | R42: =$K42 -> No Override | S42: =$C42 -> 2 | T42: =IF($L42=$Q42,"","***")
A43: 2 | C43: =IF($B43="",$A43,$B43) -> 2 | D43: Awareness and Training | E43: AT-2.1 | F43: Security Awareness | G43: Is basic security awareness training performed for all personnel as a part of the onboarding process? | H43: ='2. Awareness and Training'!$H4 -> Comment is required | I43: ='2. Awareness and Training'!$G4 -> 0 | J43: =IF($I43="Yes","Adequate",IF($I43="No","Inadequate",IF($I43="Partial","Inadequate",IF($I43="N/A","Inadequate",IF(OR($I43="",$I43=0),"Blank","Error"))))) -> Blank | K43: No Override | L43: =IF($K43="No Override",$J43,$K43) -> Blank | N43: =IF($J43=$L43,"","***") | O43: =IF(OR($I43="",$I43=0),"",$I43) | P43: =IF(OR($H43="",$H43=0),"",$H43) -> Comment is required | Q43: =$L43 -> Blank | R43: =$K43 -> No Override | S43: =$C43 -> 2 | T43: =IF($L43=$Q43,"","***")
A44: 2 | C44: =IF($B44="",$A44,$B44) -> 2 | D44: Awareness and Training | E44: AT-2.2 | F44: Security Awareness | G44: Is it periodically performed for all users? | H44: ='2. Awareness and Training'!$H5 -> Comment is required | I44: ='2. Awareness and Training'!$G5 -> 0 | J44: =IF($I44="Yes","Adequate",IF($I44="No","Inadequate",IF($I44="Partial","Inadequate",IF($I44="N/A","Inadequate",IF(OR($I44="",$I44=0),"Blank","Error"))))) -> Blank | K44: No Override | L44: =IF($K44="No Override",$J44,$K44) -> Blank | N44: =IF($J44=$L44,"","***") | O44: =IF(OR($I44="",$I44=0),"",$I44) | P44: =IF(OR($H44="",$H44=0),"",$H44) -> Comment is required | Q44: =$L44 -> Blank | R44: =$K44 -> No Override | S44: =$C44 -> 2 | T44: =IF($L44=$Q44,"","***")
A45: 2 | C45: =IF($B45="",$A45,$B45) -> 2 | D45: Awareness and Training | E45: AT-3.1 | F45: Role-Based Security Training | G45: Is there role-based security training for personnel with assigned security roles and responsibilities for this information system before access is granted and when required by information system changes? | H45: ='2. Awareness and Training'!$H6 -> Comment is required | I45: ='2. Awareness and Training'!$G6 -> 0 | J45: =IF($I45="Yes","Adequate",IF($I45="No","Inadequate",IF($I45="Partial","Inadequate",IF($I45="N/A","Inadequate",IF(OR($I45="",$I45=0),"Blank","Error"))))) -> Blank | K45: No Override | L45: =IF($K45="No Override",$J45,$K45) -> Blank | N45: =IF($J45=$L45,"","***") | O45: =IF(OR($I45="",$I45=0),"",$I45) | P45: =IF(OR($H45="",$H45=0),"",$H45) -> Comment is required | Q45: =$L45 -> Blank | R45: =$K45 -> No Override | S45: =$C45 -> 2 | T45: =IF($L45=$Q45,"","***")
A46: 2 | C46: =IF($B46="",$A46,$B46) -> 2 | D46: Awareness and Training | E46: AT-4.1 | F46: Security Training Records | G46: Do you document and monitor information system security training activities for individuals? | H46: ='2. Awareness and Training'!$H7 -> Comment is required | I46: ='2. Awareness and Training'!$G7 -> 0 | J46: =IF($I46="Yes","Adequate",IF($I46="No","Inadequate",IF($I46="Partial","Inadequate",IF($I46="N/A","Inadequate",IF(OR($I46="",$I46=0),"Blank","Error"))))) -> Blank | K46: No Override | L46: =IF($K46="No Override",$J46,$K46) -> Blank | N46: =IF($J46=$L46,"","***") | O46: =IF(OR($I46="",$I46=0),"",$I46) | P46: =IF(OR($H46="",$H46=0),"",$H46) -> Comment is required | Q46: =$L46 -> Blank | R46: =$K46 -> No Override | S46: =$C46 -> 2 | T46: =IF($L46=$Q46,"","***")
A47: 1 | C47: =IF($B47="",$A47,$B47) -> 1 | D47: Audit and Accountability | E47: AU-1.1 | F47: Audit and Accountability Policy and Procedures | G47: Are there formally documented audit and accountability procedures for this information system? If yes, please attach. | H47: ='3. Audit and Accountability'!$H3 -> Comment is required | I47: ='3. Audit and Accountability'!$G3 -> 0 | J47: =IF($I47="Yes","Adequate",IF($I47="No","Inadequate",IF($I47="Partial","Inadequate",IF($I47="N/A","Inadequate",IF(OR($I47="",$I47=0),"Blank","Error"))))) -> Blank | K47: No Override | L47: =IF($K47="No Override",$J47,$K47) -> Blank | N47: =IF($J47=$L47,"","***") | O47: =IF(OR($I47="",$I47=0),"",$I47) | P47: =IF(OR($H47="",$H47=0),"",$H47) -> Comment is required | Q47: =$L47 -> Blank | R47: =$K47 -> No Override | S47: =$C47 -> 1 | T47: =IF($L47=$Q47,"","***")
A48: 2 | C48: =IF($B48="",$A48,$B48) -> 2 | D48: Audit and Accountability | E48: AU-2.1 | F48: Audit Events | G48: Is the information system actively auditing events such as access to patient information, login/logoffs, account creation, etc.? If yes, please detail the events captured in the comment. | H48: ='3. Audit and Accountability'!$H4 -> Comment is required | I48: ='3. Audit and Accountability'!$G4 -> 0 | J48: =IF($I48="Yes","Adequate",IF($I48="No","Inadequate",IF($I48="Partial","Inadequate",IF($I48="N/A","Inadequate",IF(OR($I48="",$I48=0),"Blank","Error"))))) -> Blank | K48: No Override | L48: =IF($K48="No Override",$J48,$K48) -> Blank | N48: =IF($J48=$L48,"","***") | O48: =IF(OR($I48="",$I48=0),"",$I48) | P48: =IF(OR($H48="",$H48=0),"",$H48) -> Comment is required | Q48: =$L48 -> Blank | R48: =$K48 -> No Override | S48: =$C48 -> 2 | T48: =IF($L48=$Q48,"","***")
A49: 2 | C49: =IF($B49="",$A49,$B49) -> 2 | D49: Audit and Accountability | E49: AU-2.2 | F49: Audit Events | G49: Are the audit logs captured sufficient for incident response and system and user performance/investigation? | H49: ='3. Audit and Accountability'!$H5 -> Comment is required | I49: ='3. Audit and Accountability'!$G5 -> 0 | J49: =IF($I49="Yes","Adequate",IF($I49="No","Inadequate",IF($I49="Partial","Inadequate",IF($I49="N/A","Inadequate",IF(OR($I49="",$I49=0),"Blank","Error"))))) -> Blank | K49: No Override | L49: =IF($K49="No Override",$J49,$K49) -> Blank | N49: =IF($J49=$L49,"","***") | O49: =IF(OR($I49="",$I49=0),"",$I49) | P49: =IF(OR($H49="",$H49=0),"",$H49) -> Comment is required | Q49: =$L49 -> Blank | R49: =$K49 -> No Override | S49: =$C49 -> 2 | T49: =IF($L49=$Q49,"","***")
A50: 2 | C50: =IF($B50="",$A50,$B50) -> 2 | D50: Audit and Accountability | E50: AU-3.1 | F50: Content of Audit Records | G50: Does the system create audit records that contain sufficient information to, at a minimum, establish what type of event occurred, when the event occurred, where the event occurred, the source of the event, the outcome (success or failure) of the event, and the identity of any user/subject associated with the event? | H50: ='3. Audit and Accountability'!$H6 -> Comment is required | I50: ='3. Audit and Accountability'!$G6 -> 0 | J50: =IF($I50="Yes","Adequate",IF($I50="No","Inadequate",IF($I50="Partial","Inadequate",IF($I50="N/A","Inadequate",IF(OR($I50="",$I50=0),"Blank","Error"))))) -> Blank | K50: No Override | L50: =IF($K50="No Override",$J50,$K50) -> Blank | N50: =IF($J50=$L50,"","***") | O50: =IF(OR($I50="",$I50=0),"",$I50) | P50: =IF(OR($H50="",$H50=0),"",$H50) -> Comment is required | Q50: =$L50 -> Blank | R50: =$K50 -> No Override | S50: =$C50 -> 2 | T50: =IF($L50=$Q50,"","***")
A51: 3 | C51: =IF($B51="",$A51,$B51) -> 3 | D51: Audit and Accountability | E51: AU-4.1 | F51: Audit Storage Capacity | G51: Have you evaluated the audit storage capacity of this information system and determined that it is adequate? | H51: ='3. Audit and Accountability'!$H7 -> Comment is required | I51: ='3. Audit and Accountability'!$G7 -> 0 | J51: =IF($I51="Yes","Adequate",IF($I51="No","Inadequate",IF($I51="Partial","Inadequate",IF($I51="N/A","Inadequate",IF(OR($I51="",$I51=0),"Blank","Error"))))) -> Blank | K51: No Override | L51: =IF($K51="No Override",$J51,$K51) -> Blank | N51: =IF($J51=$L51,"","***") | O51: =IF(OR($I51="",$I51=0),"",$I51) | P51: =IF(OR($H51="",$H51=0),"",$H51) -> Comment is required | Q51: =$L51 -> Blank | R51: =$K51 -> No Override | S51: =$C51 -> 3 | T51: =IF($L51=$Q51,"","***")
A52: 3 | C52: =IF($B52="",$A52,$B52) -> 3 | D52: Audit and Accountability | E52: AU-5.1 | F52: Response to Audit Processing Failures | G52: Does the information system generate an alert that notifies the team in the event of an audit processing failure? | H52: ='3. Audit and Accountability'!$H8 -> Comment is required | I52: ='3. Audit and Accountability'!$G8 -> 0 | J52: =IF($I52="Yes","Adequate",IF($I52="No","Inadequate",IF($I52="Partial","Inadequate",IF($I52="N/A","Inadequate",IF(OR($I52="",$I52=0),"Blank","Error"))))) -> Blank | K52: No Override | L52: =IF($K52="No Override",$J52,$K52) -> Blank | N52: =IF($J52=$L52,"","***") | O52: =IF(OR($I52="",$I52=0),"",$I52) | P52: =IF(OR($H52="",$H52=0),"",$H52) -> Comment is required | Q52: =$L52 -> Blank | R52: =$K52 -> No Override | S52: =$C52 -> 3 | T52: =IF($L52=$Q52,"","***")
A53: 2 | C53: =IF($B53="",$A53,$B53) -> 2 | D53: Audit and Accountability | E53: AU-6.1 | F53: Audit Review, Analysis, and Reporting | G53: Do you review the audit logs for indications of inappropriate or unusual activity and report those incidents to authorized personnel? | H53: ='3. Audit and Accountability'!$H9 -> Comment is required | I53: ='3. Audit and Accountability'!$G9 -> 0 | J53: =IF($I53="Yes","Adequate",IF($I53="No","Inadequate",IF($I53="Partial","Inadequate",IF($I53="N/A","Inadequate",IF(OR($I53="",$I53=0),"Blank","Error"))))) -> Blank | K53: No Override | L53: =IF($K53="No Override",$J53,$K53) -> Blank | N53: =IF($J53=$L53,"","***") | O53: =IF(OR($I53="",$I53=0),"",$I53) | P53: =IF(OR($H53="",$H53=0),"",$H53) -> Comment is required | Q53: =$L53 -> Blank | R53: =$K53 -> No Override | S53: =$C53 -> 2 | T53: =IF($L53=$Q53,"","***")
A54: 3 | C54: =IF($B54="",$A54,$B54) -> 3 | D54: Audit and Accountability | E54: AU-7.1 | F54: Audit Reduction and Report Generation | G54: Does the information system provide the capability to generate customizable audit reports? | H54: ='3. Audit and Accountability'!$H10 -> Comment is required | I54: ='3. Audit and Accountability'!$G10 -> 0 | J54: =IF($I54="Yes","Adequate",IF($I54="No","Inadequate",IF($I54="Partial","Inadequate",IF($I54="N/A","Inadequate",IF(OR($I54="",$I54=0),"Blank","Error"))))) -> Blank | K54: No Override | L54: =IF($K54="No Override",$J54,$K54) -> Blank | N54: =IF($J54=$L54,"","***") | O54: =IF(OR($I54="",$I54=0),"",$I54) | P54: =IF(OR($H54="",$H54=0),"",$H54) -> Comment is required | Q54: =$L54 -> Blank | R54: =$K54 -> No Override | S54: =$C54 -> 3 | T54: =IF($L54=$Q54,"","***")
A55: 4 | C55: =IF($B55="",$A55,$B55) -> 4 | D55: Audit and Accountability | E55: AU-7.2 | F55: Audit Reduction and Report Generation | G55: Does the generation of an audit report alter the original content or time stamp of the audit record? | H55: ='3. Audit and Accountability'!$H11 -> Comment is required | I55: ='3. Audit and Accountability'!$G11 -> 0 | J55: =IF($I55="Yes","Inadequate",IF($I55="No","Adequate",IF($I55="Partial","Inadequate",IF($I55="N/A","Inadequate",IF(OR($I55="",$I55=0),"Blank","Error"))))) -> Blank | K55: No Override | L55: =IF($K55="No Override",$J55,$K55) -> Blank | N55: =IF($J55=$L55,"","***") | O55: =IF(OR($I55="",$I55=0),"",$I55) | P55: =IF(OR($H55="",$H55=0),"",$H55) -> Comment is required | Q55: =$L55 -> Blank | R55: =$K55 -> No Override | S55: =$C55 -> 4 | T55: =IF($L55=$Q55,"","***")
A56: 2 | C56: =IF($B56="",$A56,$B56) -> 2 | D56: Audit and Accountability | E56: AU-8.1 | F56: Time Stamps | G56: Are the audit logs time stamped? (Date and Time) | H56: ='3. Audit and Accountability'!$H12 -> Comment is required | I56: ='3. Audit and Accountability'!$G12 -> 0 | J56: =IF($I56="Yes","Adequate",IF($I56="No","Inadequate",IF($I56="Partial","Inadequate",IF($I56="N/A","Inadequate",IF(OR($I56="",$I56=0),"Blank","Error"))))) -> Blank | K56: No Override | L56: =IF($K56="No Override",$J56,$K56) -> Blank | N56: =IF($J56=$L56,"","***") | O56: =IF(OR($I56="",$I56=0),"",$I56) | P56: =IF(OR($H56="",$H56=0),"",$H56) -> Comment is required | Q56: =$L56 -> Blank | R56: =$K56 -> No Override | S56: =$C56 -> 2 | T56: =IF($L56=$Q56,"","***")
A57: 2 | C57: =IF($B57="",$A57,$B57) -> 2 | D57: Audit and Accountability | E57: AU-9.1 | F57: Protection of Audit Information | G57: Does the system/application protect audit information from unauthorized access, modification, and deletion? | H57: ='3. Audit and Accountability'!$H13 -> Comment is required | I57: ='3. Audit and Accountability'!$G13 -> 0 | J57: =IF($I57="Yes","Adequate",IF($I57="No","Inadequate",IF($I57="Partial","Inadequate",IF($I57="N/A","Inadequate",IF(OR($I57="",$I57=0),"Blank","Error"))))) -> Blank | K57: No Override | L57: =IF($K57="No Override",$J57,$K57) -> Blank | N57: =IF($J57=$L57,"","***") | O57: =IF(OR($I57="",$I57=0),"",$I57) | P57: =IF(OR($H57="",$H57=0),"",$H57) -> Comment is required | Q57: =$L57 -> Blank | R57: =$K57 -> No Override | S57: =$C57 -> 2 | T57: =IF($L57=$Q57,"","***")
A58: 3 | C58: =IF($B58="",$A58,$B58) -> 3 | D58: Audit and Accountability | E58: AU-11.1 | F58: Audit Record Retention | G58: Does the information system retain audit records in accordance with implemented policies? | H58: ='3. Audit and Accountability'!$H14 -> Comment is required | I58: ='3. Audit and Accountability'!$G14 -> 0 | J58: =IF($I58="Yes","Adequate",IF($I58="No","Inadequate",IF($I58="Partial","Inadequate",IF($I58="N/A","Inadequate",IF(OR($I58="",$I58=0),"Blank","Error"))))) -> Blank | K58: No Override | L58: =IF($K58="No Override",$J58,$K58) -> Blank | N58: =IF($J58=$L58,"","***") | O58: =IF(OR($I58="",$I58=0),"",$I58) | P58: =IF(OR($H58="",$H58=0),"",$H58) -> Comment is required | Q58: =$L58 -> Blank | R58: =$K58 -> No Override | S58: =$C58 -> 3 | T58: =IF($L58=$Q58,"","***")
A59: 3 | C59: =IF($B59="",$A59,$B59) -> 3 | D59: Audit and Accountability | E59: AU-12.1 | F59: Audit Generation | G59: Can the information system be configured to select which auditable events are captured in the audit log? | H59: ='3. Audit and Accountability'!$H15 -> Comment is required | I59: ='3. Audit and Accountability'!$G15 -> 0 | J59: =IF($I59="Yes","Adequate",IF($I59="No","Inadequate",IF($I59="Partial","Inadequate",IF($I59="N/A","Inadequate",IF(OR($I59="",$I59=0),"Blank","Error"))))) -> Blank | K59: No Override | L59: =IF($K59="No Override",$J59,$K59) -> Blank | N59: =IF($J59=$L59,"","***") | O59: =IF(OR($I59="",$I59=0),"",$I59) | P59: =IF(OR($H59="",$H59=0),"",$H59) -> Comment is required | Q59: =$L59 -> Blank | R59: =$K59 -> No Override | S59: =$C59 -> 3 | T59: =IF($L59=$Q59,"","***")
A60: 4 | C60: =IF($B60="",$A60,$B60) -> 4 | D60: Security Assessment | E60: CA-1.1 | F60: Security Assessment and Authorization Policies and Procedures | G60: Are there formally documented policies and procedures for Security Assessments and Authorizations? If yes, please attach. | H60: ='4. Security Assessment'!$H3 -> Comment is required | I60: ='4. Security Assessment'!$G3 -> 0 | J60: =IF($I60="Yes","Adequate",IF($I60="No","Inadequate",IF($I60="Partial","Inadequate",IF($I60="N/A","Inadequate",IF(OR($I60="",$I60=0),"Blank","Error"))))) -> Blank | K60: No Override | L60: =IF($K60="No Override",$J60,$K60) -> Blank | N60: =IF($J60=$L60,"","***") | O60: =IF(OR($I60="",$I60=0),"",$I60) | P60: =IF(OR($H60="",$H60=0),"",$H60) -> Comment is required | Q60: =$L60 -> Blank | R60: =$K60 -> No Override | S60: =$C60 -> 4 | T60: =IF($L60=$Q60,"","***")
A61: 3 | C61: =IF($B61="",$A61,$B61) -> 3 | D61: Security Assessment | E61: CA-2.1 | F61: Security Assessments | G61: Has the scope of the security assessment plan been addressed, and does it cover specific security controls and enhancements? | H61: ='4. Security Assessment'!$H4 -> Comment is required | I61: ='4. Security Assessment'!$G4 -> 0 | J61: =IF($I61="Yes","Adequate",IF($I61="No","Inadequate",IF($I61="Partial","Inadequate",IF($I61="N/A","Inadequate",IF(OR($I61="",$I61=0),"Blank","Error"))))) -> Blank | K61: No Override | L61: =IF($K61="No Override",$J61,$K61) -> Blank | N61: =IF($J61=$L61,"","***") | O61: =IF(OR($I61="",$I61=0),"",$I61) | P61: =IF(OR($H61="",$H61=0),"",$H61) -> Comment is required | Q61: =$L61 -> Blank | R61: =$K61 -> No Override | S61: =$C61 -> 3 | T61: =IF($L61=$Q61,"","***")
A62: 3 | C62: =IF($B62="",$A62,$B62) -> 3 | D62: Security Assessment | E62: CA-2.2 | F62: Security Assessments | G62: Are interconnection security agreements documented? (e.g. interface characteristics, security requirements, data types transmitted) | H62: ='4. Security Assessment'!$H5 -> Comment is required | I62: ='4. Security Assessment'!$G5 -> 0 | J62: =IF($I62="Yes","Adequate",IF($I62="No","Inadequate",IF($I62="Partial","Inadequate",IF($I62="N/A","Inadequate",IF(OR($I62="",$I62=0),"Blank","Error"))))) -> Blank | K62: No Override | L62: =IF($K62="No Override",$J62,$K62) -> Blank | N62: =IF($J62=$L62,"","***") | O62: =IF(OR($I62="",$I62=0),"",$I62) | P62: =IF(OR($H62="",$H62=0),"",$H62) -> Comment is required | Q62: =$L62 -> Blank | R62: =$K62 -> No Override | S62: =$C62 -> 3 | T62: =IF($L62=$Q62,"","***")
A63: 3 | C63: =IF($B63="",$A63,$B63) -> 3 | D63: Security Assessment | E63: CA-2.3 | F63: Security Assessments | G63: Are these connections monitored for compliance with the agreements? | H63: ='4. Security Assessment'!$H6 -> Comment is required | I63: ='4. Security Assessment'!$G6 -> 0 | J63: =IF($I63="Yes","Adequate",IF($I63="No","Inadequate",IF($I63="Partial","Inadequate",IF($I63="N/A","Inadequate",IF(OR($I63="",$I63=0),"Blank","Error"))))) -> Blank | K63: No Override | L63: =IF($K63="No Override",$J63,$K63) -> Blank | N63: =IF($J63=$L63,"","***") | O63: =IF(OR($I63="",$I63=0),"",$I63) | P63: =IF(OR($H63="",$H63=0),"",$H63) -> Comment is required | Q63: =$L63 -> Blank | R63: =$K63 -> No Override | S63: =$C63 -> 3 | T63: =IF($L63=$Q63,"","***")
A64: 4 | C64: =IF($B64="",$A64,$B64) -> 4 | D64: Security Assessment | E64: CA-3.1 | F64: System Interconnections | G64: Does this information system interface with any other information system? | H64: ='4. Security Assessment'!$H7 -> Comment is required | I64: ='4. Security Assessment'!$G7 -> 0 | J64: =IF(AND($I64="Yes",$I65="Yes",$I66="Yes"),"Adequate",IF(AND($I64="Yes",OR(NOT($I65="Yes"),NOT($I66="Yes"))),"Inadequate",IF($I64="No","N/A",IF($I64="Partial","Inadequate",IF($I64="N/A","N/A",IF(OR($I64="",$I64=0),"Blank","Error")))))) -> Blank | K64: No Override | L64: =IF($K64="No Override",$J64,$K64) -> Blank | N64: =IF($J64=$L64,"","***") | O64: =IF(OR($I64="",$I64=0),"",$I64) | P64: =IF(OR($H64="",$H64=0),"",$H64) -> Comment is required | Q64: =$L64 -> Blank | R64: =$K64 -> No Override | S64: =$C64 -> 4 | T64: =IF($L64=$Q64,"","***")
A65: 1 | C65: =IF($B65="",$A65,$B65) -> 1 | D65: Security Assessment | E65: CA-3.2 | F65: System Interconnections | G65: Are the interfaces that interconnect with this information system documented? | H65: ='4. Security Assessment'!$H8 -> Comment is required | I65: ='4. Security Assessment'!$G8 -> 0 | J65: =IF(OR($I64="N/A",$I64="No"),"N/A",IF($I65="Yes","Adequate",IF($I65="No","Inadequate",IF($I65="Partial","Inadequate",IF(AND($I65="N/A",NOT($I64="No"),NOT($I64="N/A")),"Inadequate",IF(OR($I65="",$I65=0),"Blank","Error")))))) -> Blank | K65: No Override | L65: =IF($K65="No Override",$J65,$K65) -> Blank | N65: =IF($J65=$L65,"","***") | O65: =IF(OR($I65="",$I65=0),"",$I65) | P65: =IF(OR($H65="",$H65=0),"",$H65) -> Comment is required | Q65: =$L65 -> Blank | R65: =$K65 -> No Override | S65: =$C65 -> 1 | T65: =IF($L65=$Q65,"","***")
A66: 1 | C66: =IF($B66="",$A66,$B66) -> 1 | D66: Security Assessment | E66: CA-3.3 | F66: System Interconnections | G66: Is there documentation on what information is communicated through that interface and what the security requirements are? | H66: ='4. Security Assessment'!$H9 -> Comment is required | I66: ='4. Security Assessment'!$G9 -> 0 | J66: =IF(OR($I64="N/A",$I64="No"),"N/A",IF($I66="Yes","Adequate",IF($I66="No","Inadequate",IF($I66="Partial","Inadequate",IF(AND($I66="N/A",NOT($I64="No"),NOT($I64="N/A")),"Inadequate",IF(OR($I66="",$I66=0),"Blank","Error")))))) -> Blank | K66: No Override | L66: =IF($K66="No Override",$J66,$K66) -> Blank | N66: =IF($J66=$L66,"","***") | O66: =IF(OR($I66="",$I66=0),"",$I66) | P66: =IF(OR($H66="",$H66=0),"",$H66) -> Comment is required | Q66: =$L66 -> Blank | R66: =$K66 -> No Override | S66: =$C66 -> 1 | T66: =IF($L66=$Q66,"","***")
A67: 2 | C67: =IF($B67="",$A67,$B67) -> 2 | D67: Security Assessment | E67: CA-5.1 | F67: Plan of Action and Milestones | G67: Have previous assessment results been used to mitigate identified risks? | H67: ='4. Security Assessment'!$H10 -> Comment is required | I67: ='4. Security Assessment'!$G10 -> 0 | J67: =IF($I67="Yes","Adequate",IF($I67="No","Inadequate",IF($I67="Partial","Inadequate",IF($I67="N/A","Inadequate",IF(OR($I67="",$I67=0),"Blank","Error"))))) -> Blank | K67: No Override | L67: =IF($K67="No Override",$J67,$K67) -> Blank | N67: =IF($J67=$L67,"","***") | O67: =IF(OR($I67="",$I67=0),"",$I67) | P67: =IF(OR($H67="",$H67=0),"",$H67) -> Comment is required | Q67: =$L67 -> Blank | R67: =$K67 -> No Override | S67: =$C67 -> 2 | T67: =IF($L67=$Q67,"","***")
A68: 3 | C68: =IF($B68="",$A68,$B68) -> 3 | D68: Security Assessment | E68: CA-6.1 | F68: Security Authorization | G68: Is there an authorizing official for this environment? Can they decide if an environment is turned off if necessary? | H68: ='4. Security Assessment'!$H11 -> Comment is required | I68: ='4. Security Assessment'!$G11 -> 0 | J68: =IF(AND($I68="Yes",$I69="Yes"),"Adequate",IF(AND($I68="Yes",NOT($I69="Yes")),"Inadequate",IF($I68="No","Inadequate",IF($I68="Partial","Inadequate",IF($I68="N/A","Inadequate",IF(OR($I68="",$I68=0),"Blank","Error")))))) -> Blank | K68: No Override | L68: =IF($K68="No Override",$J68,$K68) -> Blank | N68: =IF($J68=$L68,"","***") | O68: =IF(OR($I68="",$I68=0),"",$I68) | P68: =IF(OR($H68="",$H68=0),"",$H68) -> Comment is required | Q68: =$L68 -> Blank | R68: =$K68 -> No Override | S68: =$C68 -> 3 | T68: =IF($L68=$Q68,"","***")
A69: 3 | C69: =IF($B69="",$A69,$B69) -> 3 | D69: Security Assessment | E69: CA-6.2 | F69: Security Authorization | G69: Have assessments been officially signed off? By whom? | H69: ='4. Security Assessment'!$H12 -> Comment is required | I69: ='4. Security Assessment'!$G12 -> 0 | J69: =IF($I69="Yes","Adequate",IF($I69="No","Inadequate",IF($I69="Partial","Inadequate",IF(AND($I69="N/A",$I68="No"),"N/A",IF(AND($I69="N/A",NOT($I68="No")),"Inadequate",IF(OR($I69="",$I69=0),"Blank","Error")))))) -> Blank | K69: No Override | L69: =IF($K69="No Override",$J69,$K69) -> Blank | N69: =IF($J69=$L69,"","***") | O69: =IF(OR($I69="",$I69=0),"",$I69) | P69: =IF(OR($H69="",$H69=0),"",$H69) -> Comment is required | Q69: =$L69 -> Blank | R69: =$K69 -> No Override | S69: =$C69 -> 3 | T69: =IF($L69=$Q69,"","***")
A70: 1 | C70: =IF($B70="",$A70,$B70) -> 1 | D70: Security Assessment | E70: CA-7.1 | F70: Continuous Monitoring | G70: Is there a continuous monitoring strategy? What metrics are used to ensure compliance? | H70: ='4. Security Assessment'!$H13 -> Comment is required | I70: ='4. Security Assessment'!$G13 -> 0 | J70: =IF($I70="Yes","Adequate",IF($I70="No","Inadequate",IF($I70="Partial","Inadequate",IF($I70="N/A","Inadequate",IF(OR($I70="",$I70=0),"Blank","Error"))))) -> Blank | K70: No Override | L70: =IF($K70="No Override",$J70,$K70) -> Blank | N70: =IF($J70=$L70,"","***") | O70: =IF(OR($I70="",$I70=0),"",$I70) | P70: =IF(OR($H70="",$H70=0),"",$H70) -> Comment is required | Q70: =$L70 -> Blank | R70: =$K70 -> No Override | S70: =$C70 -> 1 | T70: =IF($L70=$Q70,"","***")
A71: 1 | C71: =IF($B71="",$A71,$B71) -> 1 | D71: Security Assessment | E71: CA-7.2 | F71: Continuous Monitoring | G71: Are continuous monitoring results analyzed? | H71: ='4. Security Assessment'!$H14 -> Comment is required | I71: ='4. Security Assessment'!$G14 -> 0 | J71: =IF($I71="Yes","Adequate",IF($I71="No","Inadequate",IF($I71="Partial","Inadequate",IF($I71="N/A","Inadequate",IF(OR($I71="",$I71=0),"Blank","Error"))))) -> Blank | K71: No Override | L71: =IF($K71="No Override",$J71,$K71) -> Blank | N71: =IF($J71=$L71,"","***") | O71: =IF(OR($I71="",$I71=0),"",$I71) | P71: =IF(OR($H71="",$H71=0),"",$H71) -> Comment is required | Q71: =$L71 -> Blank | R71: =$K71 -> No Override | S71: =$C71 -> 1 | T71: =IF($L71=$Q71,"","***")
A72: 1 | C72: =IF($B72="",$A72,$B72) -> 1 | D72: Security Assessment | E72: CA-7.3 | F72: Continuous Monitoring | G72: Are security controls monitored for compliance? What actions are taken if components are deemed non-compliant? | H72: ='4. Security Assessment'!$H15 -> Comment is required | I72: ='4. Security Assessment'!$G15 -> 0 | J72: =IF($I72="Yes","Adequate",IF($I72="No","Inadequate",IF($I72="Partial","Inadequate",IF($I72="N/A","Inadequate",IF(OR($I72="",$I72=0),"Blank","Error"))))) -> Blank | K72: No Override | L72: =IF($K72="No Override",$J72,$K72) -> Blank | N72: =IF($J72=$L72,"","***") | O72: =IF(OR($I72="",$I72=0),"",$I72) | P72: =IF(OR($H72="",$H72=0),"",$H72) -> Comment is required | Q72: =$L72 -> Blank | R72: =$K72 -> No Override | S72: =$C72 -> 1 | T72: =IF($L72=$Q72,"","***")
A73: 1 | C73: =IF($B73="",$A73,$B73) -> 1 | D73: Security Assessment | E73: CA-7.4 | F73: Continuous Monitoring | G73: Are the results of continuous monitoring reported to an authorizing official? | H73: ='4. Security Assessment'!$H16 -> Comment is required | I73: ='4. Security Assessment'!$G16 -> 0 | J73: =IF($I73="Yes","Adequate",IF($I73="No","Inadequate",IF($I73="Partial","Inadequate",IF($I73="N/A","Inadequate",IF(OR($I73="",$I73=0),"Blank","Error"))))) -> Blank | K73: No Override | L73: =IF($K73="No Override",$J73,$K73) -> Blank | N73: =IF($J73=$L73,"","***") | O73: =IF(OR($I73="",$I73=0),"",$I73) | P73: =IF(OR($H73="",$H73=0),"",$H73) -> Comment is required | Q73: =$L73 -> Blank | R73: =$K73 -> No Override | S73: =$C73 -> 1 | T73: =IF($L73=$Q73,"","***")
A74: 1 | C74: =IF($B74="",$A74,$B74) -> 1 | D74: Security Assessment | E74: CA-8.1 | F74: Penetration Testing | G74: Does your organization do penetration testing on internal networks? | H74: ='4. Security Assessment'!$H17 -> Comment is required | I74: ='4. Security Assessment'!$G17 -> 0 | J74: =IF($I74="Yes","Adequate",IF($I74="No","Inadequate",IF($I74="Partial","Inadequate",IF($I74="N/A","Inadequate",IF(OR($I74="",$I74=0),"Blank","Error"))))) -> Blank | K74: No Override | L74: =IF($K74="No Override",$J74,$K74) -> Blank | N74: =IF($J74=$L74,"","***") | O74: =IF(OR($I74="",$I74=0),"",$I74) | P74: =IF(OR($H74="",$H74=0),"",$H74) -> Comment is required | Q74: =$L74 -> Blank | R74: =$K74 -> No Override | S74: =$C74 -> 1 | T74: =IF($L74=$Q74,"","***")
A75: 4 | C75: =IF($B75="",$A75,$B75) -> 4 | D75: Security Assessment | E75: CA-9.1 | F75: Internal System Connections | G75: Is there a device or component that is uniquely used with this system? (E.g., biomedical devices used particularly with this information system). | H75: ='4. Security Assessment'!$H18 -> Comment is required | I75: ='4. Security Assessment'!$G18 -> 0 | J75: =IF(AND($I75="Yes",$I76="Yes"),"Adequate",IF(AND($I75="Yes",NOT($I76="Yes")),"Inadequate",IF($I75="No","N/A",IF($I75="Partial","Inadequate",IF($I75="N/A","N/A",IF(OR($I75="",$I75=0),"Blank","Error")))))) -> Blank | K75: No Override | L75: =IF($K75="No Override",$J75,$K75) -> Blank | N75: =IF($J75=$L75,"","***") | O75: =IF(OR($I75="",$I75=0),"",$I75) | P75: =IF(OR($H75="",$H75=0),"",$H75) -> Comment is required | Q75: =$L75 -> Blank | R75: =$K75 -> No Override | S75: =$C75 -> 4 | T75: =IF($L75=$Q75,"","***")
A76: 1 | C76: =IF($B76="",$A76,$B76) -> 1 | D76: Security Assessment | E76: CA-9.2 | F76: Internal System Connections | G76: Is there documentation on what information is communicated with that device, how it is transferred, and how the data is secured? | H76: ='4. Security Assessment'!$H19 -> Comment is required | I76: ='4. Security Assessment'!$G19 -> 0 | J76: =IF(OR($I75="N/A",$I75="No"),"N/A",IF($I76="Yes","Adequate",IF($I76="No","Inadequate",IF($I76="Partial","Inadequate",IF(AND($I76="N/A",NOT($I75="No"),NOT($I75="N/A")),"Inadequate",IF(OR($I76="",$I76=0),"Blank","Error")))))) -> Blank | K76: No Override | L76: =IF($K76="No Override",$J76,$K76) -> Blank | N76: =IF($J76=$L76,"","***") | O76: =IF(OR($I76="",$I76=0),"",$I76) | P76: =IF(OR($H76="",$H76=0),"",$H76) -> Comment is required | Q76: =$L76 -> Blank | R76: =$K76 -> No Override | S76: =$C76 -> 1 | T76: =IF($L76=$Q76,"","***")
A77: 4 | C77: =IF($B77="",$A77,$B77) -> 4 | D77: Configuration Management | E77: CM-1.1 | F77: Configuration Management Policy and Procedures | G77: Are there documented procedures to outline who/when and how the system/application is configured? If yes, please attach | H77: ='5. Configuration'!$H3 -> Comment is required | I77: ='5. Configuration'!$G3 -> 0 | J77: =IF($I77="Yes","Adequate",IF($I77="No","Inadequate",IF($I77="Partial","Inadequate",IF($I77="N/A","Inadequate",IF(OR($I77="",$I77=0),"Blank","Error"))))) -> Blank | K77: No Override | L77: =IF($K77="No Override",$J77,$K77) -> Blank | N77: =IF($J77=$L77,"","***") | O77: =IF(OR($I77="",$I77=0),"",$I77) | P77: =IF(OR($H77="",$H77=0),"",$H77) -> Comment is required | Q77: =$L77 -> Blank | R77: =$K77 -> No Override | S77: =$C77 -> 4 | T77: =IF($L77=$Q77,"","***")
A78: 1 | C78: =IF($B78="",$A78,$B78) -> 1 | D78: Configuration Management | E78: CM-2.1 | F78: Baseline Configuration | G78: Do you have a current configuration baseline documented for the information system? (The baseline configuration is a documented, up-to-date specification to which the information system is built.) | H78: ='5. Configuration'!$H4 -> Comment is required | I78: ='5. Configuration'!$G4 -> 0 | J78: =IF($I78="Yes","Adequate",IF($I78="No","Inadequate",IF($I78="Partial","Inadequate",IF($I78="N/A","Inadequate",IF(OR($I78="",$I78=0),"Blank","Error"))))) -> Blank | K78: No Override | L78: =IF($K78="No Override",$J78,$K78) -> Blank | N78: =IF($J78=$L78,"","***") | O78: =IF(OR($I78="",$I78=0),"",$I78) | P78: =IF(OR($H78="",$H78=0),"",$H78) -> Comment is required | Q78: =$L78 -> Blank | R78: =$K78 -> No Override | S78: =$C78 -> 1 | T78: =IF($L78=$Q78,"","***")
A79: 1 | C79: =IF($B79="",$A79,$B79) -> 1 | D79: Configuration Management | E79: CM-3.1 | F79: Configuration Change Control | G79: Are types of changes to the information system that are configuration-controlled defined? | H79: ='5. Configuration'!$H5 -> Comment is required | I79: ='5. Configuration'!$G5 -> 0 | J79: =IF($I79="Yes","Adequate",IF($I79="No","Inadequate",IF($I79="Partial","Inadequate",IF($I79="N/A","Inadequate",IF(OR($I79="",$I79=0),"Blank","Error"))))) -> Blank | K79: No Override | L79: =IF($K79="No Override",$J79,$K79) -> Blank | N79: =IF($J79=$L79,"","***") | O79: =IF(OR($I79="",$I79=0),"",$I79) | P79: =IF(OR($H79="",$H79=0),"",$H79) -> Comment is required | Q79: =$L79 -> Blank | R79: =$K79 -> No Override | S79: =$C79 -> 1 | T79: =IF($L79=$Q79,"","***")
A80: 1 | C80: =IF($B80="",$A80,$B80) -> 1 | D80: Configuration Management | E80: CM-3.2 | F80: Configuration Change Control | G80: Does the organization review proposed configuration-controlled changes to the information system, using defined security impact analyses? | H80: ='5. Configuration'!$H6 -> Comment is required | I80: ='5. Configuration'!$G6 -> 0 | J80: =IF($I80="Yes","Adequate",IF($I80="No","Inadequate",IF($I80="Partial","Inadequate",IF($I80="N/A","Inadequate",IF(OR($I80="",$I80=0),"Blank","Error"))))) -> Blank | K80: No Override | L80: =IF($K80="No Override",$J80,$K80) -> Blank | N80: =IF($J80=$L80,"","***") | O80: =IF(OR($I80="",$I80=0),"",$I80) | P80: =IF(OR($H80="",$H80=0),"",$H80) -> Comment is required | Q80: =$L80 -> Blank | R80: =$K80 -> No Override | S80: =$C80 -> 1 | T80: =IF($L80=$Q80,"","***")
A81: 1 | C81: =IF($B81="",$A81,$B81) -> 1 | D81: Configuration Management | E81: CM-3.3 | F81: Configuration Change Control | G81: Are all configuration changes adequately documented? | H81: ='5. Configuration'!$H7 -> Comment is required | I81: ='5. Configuration'!$G7 -> 0 | J81: =IF($I81="Yes","Adequate",IF($I81="No","Inadequate",IF($I81="Partial","Inadequate",IF($I81="N/A","Inadequate",IF(OR($I81="",$I81=0),"Blank","Error"))))) -> Blank | K81: No Override | L81: =IF($K81="No Override",$J81,$K81) -> Blank | N81: =IF($J81=$L81,"","***") | O81: =IF(OR($I81="",$I81=0),"",$I81) | P81: =IF(OR($H81="",$H81=0),"",$H81) -> Comment is required | Q81: =$L81 -> Blank | R81: =$K81 -> No Override | S81: =$C81 -> 1 | T81: =IF($L81=$Q81,"","***")
A82: 1 | C82: =IF($B82="",$A82,$B82) -> 1 | D82: Configuration Management | E82: CM-3.4 | F82: Configuration Change Control | G82: Are all approved configuration controls implemented timely? | H82: ='5. Configuration'!$H8 -> Comment is required | I82: ='5. Configuration'!$G8 -> 0 | J82: =IF($I82="Yes","Adequate",IF($I82="No","Inadequate",IF($I82="Partial","Inadequate",IF($I82="N/A","Inadequate",IF(OR($I82="",$I82=0),"Blank","Error"))))) -> Blank | K82: No Override | L82: =IF($K82="No Override",$J82,$K82) -> Blank | N82: =IF($J82=$L82,"","***") | O82: =IF(OR($I82="",$I82=0),"",$I82) | P82: =IF(OR($H82="",$H82=0),"",$H82) -> Comment is required | Q82: =$L82 -> Blank | R82: =$K82 -> No Override | S82: =$C82 -> 1 | T82: =IF($L82=$Q82,"","***")
A83: 1 | C83: =IF($B83="",$A83,$B83) -> 1 | D83: Configuration Management | E83: CM-3.5 | F83: Configuration Change Control | G83: Does the organization retain records of configuration controlled changes? | H83: ='5. Configuration'!$H9 -> Comment is required | I83: ='5. Configuration'!$G9 -> 0 | J83: =IF($I83="Yes","Adequate",IF($I83="No","Inadequate",IF($I83="Partial","Inadequate",IF($I83="N/A","Inadequate",IF(OR($I83="",$I83=0),"Blank","Error"))))) -> Blank | K83: No Override | L83: =IF($K83="No Override",$J83,$K83) -> Blank | N83: =IF($J83=$L83,"","***") | O83: =IF(OR($I83="",$I83=0),"",$I83) | P83: =IF(OR($H83="",$H83=0),"",$H83) -> Comment is required | Q83: =$L83 -> Blank | R83: =$K83 -> No Override | S83: =$C83 -> 1 | T83: =IF($L83=$Q83,"","***")
A84: 1 | C84: =IF($B84="",$A84,$B84) -> 1 | D84: Configuration Management | E84: CM-3.6 | F84: Configuration Change Control | G84: Are there auditing and monitoring activities implemented to assess the configuration-controlled changes? | H84: ='5. Configuration'!$H10 -> Comment is required | I84: ='5. Configuration'!$G10 -> 0 | J84: =IF($I84="Yes","Adequate",IF($I84="No","Inadequate",IF($I84="Partial","Inadequate",IF($I84="N/A","Inadequate",IF(OR($I84="",$I84=0),"Blank","Error"))))) -> Blank | K84: No Override | L84: =IF($K84="No Override",$J84,$K84) -> Blank | N84: =IF($J84=$L84,"","***") | O84: =IF(OR($I84="",$I84=0),"",$I84) | P84: =IF(OR($H84="",$H84=0),"",$H84) -> Comment is required | Q84: =$L84 -> Blank | R84: =$K84 -> No Override | S84: =$C84 -> 1 | T84: =IF($L84=$Q84,"","***")
A85: 3 | C85: =IF($B85="",$A85,$B85) -> 3 | D85: Configuration Management | E85: CM-4.1 | F85: Security Impact Analysis | G85: Do you analyze changes to the information system to determine potential security impacts prior to change implementation? | H85: ='5. Configuration'!$H11 -> Comment is required | I85: ='5. Configuration'!$G11 -> 0 | J85: =IF($I85="Yes","Adequate",IF($I85="No","Inadequate",IF($I85="Partial","Inadequate",IF($I85="N/A","Inadequate",IF(OR($I85="",$I85=0),"Blank","Error"))))) -> Blank | K85: No Override | L85: =IF($K85="No Override",$J85,$K85) -> Blank | N85: =IF($J85=$L85,"","***") | O85: =IF(OR($I85="",$I85=0),"",$I85) | P85: =IF(OR($H85="",$H85=0),"",$H85) -> Comment is required | Q85: =$L85 -> Blank | R85: =$K85 -> No Override | S85: =$C85 -> 3 | T85: =IF($L85=$Q85,"","***")
A86: 1 | C86: =IF($B86="",$A86,$B86) -> 1 | D86: Configuration Management | E86: CM-5.1 | F86: Access Restrictions for Change | G86: Does the organization define, documents, approves, and enforces physical and logical access restrictions associated with changes to the information system? | H86: ='5. Configuration'!$H12 -> Comment is required | I86: ='5. Configuration'!$G12 -> 0 | J86: =IF($I86="Yes","Adequate",IF($I86="No","Inadequate",IF($I86="Partial","Inadequate",IF($I86="N/A","Inadequate",IF(OR($I86="",$I86=0),"Blank","Error"))))) -> Blank | K86: No Override | L86: =IF($K86="No Override",$J86,$K86) -> Blank | N86: =IF($J86=$L86,"","***") | O86: =IF(OR($I86="",$I86=0),"",$I86) | P86: =IF(OR($H86="",$H86=0),"",$H86) -> Comment is required | Q86: =$L86 -> Blank | R86: =$K86 -> No Override | S86: =$C86 -> 1 | T86: =IF($L86=$Q86,"","***")
A87: 1 | C87: =IF($B87="",$A87,$B87) -> 1 | D87: Configuration Management | E87: CM-6.1 | F87: Configuration Settings | G87: Have all the configuration settings been documented that reflect the most restrictive mode consistent with operational requirements? | H87: ='5. Configuration'!$H13 -> Comment is required | I87: ='5. Configuration'!$G13 -> 0 | J87: =IF($I87="Yes","Adequate",IF($I87="No","Inadequate",IF($I87="Partial","Inadequate",IF($I87="N/A","Inadequate",IF(OR($I87="",$I87=0),"Blank","Error"))))) -> Blank | K87: No Override | L87: =IF($K87="No Override",$J87,$K87) -> Blank | N87: =IF($J87=$L87,"","***") | O87: =IF(OR($I87="",$I87=0),"",$I87) | P87: =IF(OR($H87="",$H87=0),"",$H87) -> Comment is required | Q87: =$L87 -> Blank | R87: =$K87 -> No Override | S87: =$C87 -> 1 | T87: =IF($L87=$Q87,"","***")
A88: 1 | C88: =IF($B88="",$A88,$B88) -> 1 | D88: Configuration Management | E88: CM-6.2 | F88: Configuration Settings | G88: Is there any automated or manual monitoring of configuration changes? (e.g. Tripwire, manual checklists) | H88: ='5. Configuration'!$H14 -> Comment is required | I88: ='5. Configuration'!$G14 -> 0 | J88: =IF($I88="Yes","Adequate",IF($I88="No","Inadequate",IF($I88="Partial","Inadequate",IF($I88="N/A","Inadequate",IF(OR($I88="",$I88=0),"Blank","Error"))))) -> Blank | K88: No Override | L88: =IF($K88="No Override",$J88,$K88) -> Blank | N88: =IF($J88=$L88,"","***") | O88: =IF(OR($I88="",$I88=0),"",$I88) | P88: =IF(OR($H88="",$H88=0),"",$H88) -> Comment is required | Q88: =$L88 -> Blank | R88: =$K88 -> No Override | S88: =$C88 -> 1 | T88: =IF($L88=$Q88,"","***")
... A98: 1 | C98: =IF($B98="",$A98,$B98) -> 1 | D98: Configuration Management | E98: CM-11.1 | F98: User-Installed Software | G98: Is user installation of software restricted and monitored? | H98: ='5. Configuration'!$H24 -> Comment is required | I98: ='5. Configuration'!$G24 -> 0 | J98: =IF($I98="Yes","Adequate",IF($I98="No","Inadequate",IF($I98="Partial","Inadequate",IF($I98="N/A","Inadequate",IF(OR($I98="",$I98=0),"Blank","Error"))))) -> Blank | K98: No Override | L98: =IF($K98="No Override",$J98,$K98) -> Blank | N98: =IF($J98=$L98,"","***") | O98: =IF(OR($I98="",$I98=0),"",$I98) | P98: =IF(OR($H98="",$H98=0),"",$H98) -> Comment is required | Q98: =$L98 -> Blank | R98: =$K98 -> No Override | S98: =$C98 -> 1 | T98: =IF($L98=$Q98,"","***")
A99: 1 | C99: =IF($B99="",$A99,$B99) -> 1 | D99: Configuration Management | E99: CM-12.1 | F99: Patch Timeliness | G99: Are patches applied to the information system in a timely manner? If so, how quickly are patches applied? | H99: ='5. Configuration'!$H25 -> Comment is required | I99: ='5. Configuration'!$G25 -> 0 | J99: =IF($I99="Yes","Adequate",IF($I99="No","Inadequate",IF($I99="Partial","Inadequate",IF($I99="N/A","Inadequate",IF(OR($I99="",$I99=0),"Blank","Error"))))) -> Blank | K99: No Override | L99: =IF($K99="No Override",$J99,$K99) -> Blank | N99: =IF($J99=$L99,"","***") | O99: =IF(OR($I99="",$I99=0),"",$I99) | P99: =IF(OR($H99="",$H99=0),"",$H99) -> Comment is required | Q99: =$L99 -> Blank | R99: =$K99 -> No Override | S99: =$C99 -> 1
A100: 3 | C100: =IF($B100="",$A100,$B100) -> 3 | D100: Configuration Management | E100: CM-12.2 | F100: Patch Timeliness Policy | G100: Are there standards or policies which define the timing of patching the information system? | H100: ='5. Configuration'!$H26 -> Comment is required | I100: ='5. Configuration'!$G26 -> 0 | J100: =IF($I100="Yes","Adequate",IF($I100="No","Inadequate",IF($I100="Partial","Inadequate",IF($I100="N/A","Inadequate",IF(OR($I100="",$I100=0),"Blank","Error"))))) -> Blank | K100: No Override | L100: =IF($K100="No Override",$J100,$K100) -> Blank | N100: =IF($J100=$L100,"","***") | O100: =IF(OR($I100="",$I100=0),"",$I100) | P100: =IF(OR($H100="",$H100=0),"",$H100) -> Comment is required | Q100: =$L100 -> Blank | R100: =$K100 -> No Override | S100: =$C100 -> 3
A101: 4 | C101: =IF($B101="",$A101,$B101) -> 4 | D101: Configuration Management | E101: CM-13.1 | F101: Patch Management Environments | G101: Do you use Development, Test, QA, and Production environments during the patch management process? If so, describe the manner in which these environment are utilized? | H101: ='5. Configuration'!$H27 -> Comment is required | I101: ='5. Configuration'!$G27 -> 0 | J101: =IF($I101="Yes","Adequate",IF($I101="No","Inadequate",IF($I101="Partial","Inadequate",IF($I101="N/A","Inadequate",IF(OR($I101="",$I101=0),"Blank","Error"))))) -> Blank | K101: No Override | L101: =IF($K101="No Override",$J101,$K101) -> Blank | N101: =IF($J101=$L101,"","***") | O101: =IF(OR($I101="",$I101=0),"",$I101) | P101: =IF(OR($H101="",$H101=0),"",$H101) -> Comment is required | Q101: =$L101 -> Blank | R101: =$K101 -> No Override | S101: =$C101 -> 4
A102: 2 | C102: =IF($B102="",$A102,$B102) -> 2 | D102: Configuration Management | E102: CM-14.1 | F102: Patch Classification | G102: Do you categorize patches based on severity? If yes, please provide the categories, their definitions, and the associated time frames for deploying patches to production environments. | H102: ='5. Configuration'!$H28 -> Comment is required | I102: ='5. Configuration'!$G28 -> 0 | J102: =IF($I102="Yes","Adequate",IF($I102="No","Inadequate",IF($I102="Partial","Inadequate",IF($I102="N/A","Inadequate",IF(OR($I102="",$I102=0),"Blank","Error"))))) -> Blank | K102: No Override | L102: =IF($K102="No Override",$J102,$K102) -> Blank | N102: =IF($J102=$L102,"","***") | O102: =IF(OR($I102="",$I102=0),"",$I102) | P102: =IF(OR($H102="",$H102=0),"",$H102) -> Comment is required | Q102: =$L102 -> Blank | R102: =$K102 -> No Override | S102: =$C102 -> 2
A103: 2 | C103: =IF($B103="",$A103,$B103) -> 2 | D103: Configuration Management | E103: CM-14.2 | F103: Patch Classification | G103: Do you implement patches categorized as "critical" within 72 hours of patch release? | H103: ='5. Configuration'!$H29 -> Comment is required | I103: ='5. Configuration'!$G29 -> 0 | J103: =IF($I103="Yes","Adequate",IF($I103="No","Inadequate",IF($I103="Partial","Inadequate",IF($I103="N/A","Inadequate",IF(OR($I103="",$I103=0),"Blank","Error"))))) -> Blank | K103: No Override | L103: =IF($K103="No Override",$J103,$K103) -> Blank | N103: =IF($J103=$L103,"","***") | O103: =IF(OR($I103="",$I103=0),"",$I103) | P103: =IF(OR($H103="",$H103=0),"",$H103) -> Comment is required | Q103: =$L103 -> Blank | R103: =$K103 -> No Override | S103: =$C103 -> 2
A104: 4 | C104: =IF($B104="",$A104,$B104) -> 4 | D104: Contingency Planning | E104: CP-1.1 | F104: Contingency Planning Policy and Procedures | G104: Are there formally documented policies and procedures for Contingency Plan? If yes, please attach. | H104: ='6. Contingency Planning'!$H3 -> Comment is required | I104: ='6. Contingency Planning'!$G3 -> 0 | J104: =IF($I104="Yes","Adequate",IF($I104="No","Inadequate",IF($I104="Partial","Inadequate",IF($I104="N/A","Inadequate",IF(OR($I104="",$I104=0),"Blank","Error"))))) -> Blank | K104: No Override | L104: =IF($K104="No Override",$J104,$K104) -> Blank | N104: =IF($J104=$L104,"","***") | O104: =IF(OR($I104="",$I104=0),"",$I104) | P104: =IF(OR($H104="",$H104=0),"",$H104) -> Comment is required | Q104: =$L104 -> Blank | R104: =$K104 -> No Override | S104: =$C104 -> 4 | T104: =IF($L104=$Q104,"","***")
A105: 4 | C105: =IF($B105="",$A105,$B105) -> 4 | D105: Contingency Planning | E105: CP-2.1 | F105: Contingency Plan | G105: Have you developed a contingency plan for this information system? If yes, please attach. | H105: ='6. Contingency Planning'!$H4 -> Comment is required | I105: ='6. Contingency Planning'!$G4 -> 0 | J105: =IF($I105="Yes","Adequate",IF($I105="No","Inadequate",IF($I105="Partial","Inadequate",IF($I105="N/A","Inadequate",IF(OR($I105="",$I105=0),"Blank","Error"))))) -> Blank | K105: No Override | L105: =IF($K105="No Override",$J105,$K105) -> Blank | N105: =IF($J105=$L105,"","***") | O105: =IF(OR($I105="",$I105=0),"",$I105) | P105: =IF(OR($H105="",$H105=0),"",$H105) -> Comment is required | Q105: =$L105 -> Blank | R105: =$K105 -> No Override | S105: =$C105 -> 4 | T105: =IF($L105=$Q105,"","***")
A106: 4 | C106: =IF($B106="",$A106,$B106) -> 4 | D106: Contingency Planning | E106: CP-2.2 | F106: Contingency Plan | G106: Does the contingency plan: - Identify the essential missions and business functions - Provide recovery objectives, restoration priorities, and metrics - Address contingency roles, responsibilities, and assigned individuals with contact information - Address maintaining essential missions and business functions despite a disruption - Address full restoration without deterioration of originally implemented security safeguards - Distributed to key personnel - Coordinated with incident handling procedures - Reviewed and updated to address changes - Protected from unauthorized disclosure or modification | H106: ='6. Contingency Planning'!$H5 -> Comment is required | I106: ='6. Contingency Planning'!$G5 -> 0 | J106: =IF($I106="Yes","Adequate",IF($I106="No","Inadequate",IF($I106="Partial","Inadequate",IF($I106="N/A","Inadequate",IF(OR($I106="",$I106=0),"Blank","Error"))))) -> Blank | K106: No Override | L106: =IF($K106="No Override",$J106,$K106) -> Blank | N106: =IF($J106=$L106,"","***") | O106: =IF(OR($I106="",$I106=0),"",$I106) | P106: =IF(OR($H106="",$H106=0),"",$H106) -> Comment is required | Q106: =$L106 -> Blank | R106: =$K106 -> No Override | S106: =$C106 -> 4 | T106: =IF($L106=$Q106,"","***")
A107: 4 | C107: =IF($B107="",$A107,$B107) -> 4 | D107: Contingency Planning | E107: CP-3.1 | F107: Contingency Training | G107: Does your department train personnel in their contingency roles and responsibilities and provide refresher training when required? | H107: ='6. Contingency Planning'!$H6 -> Comment is required | I107: ='6. Contingency Planning'!$G6 -> 0 | J107: =IF($I107="Yes","Adequate",IF($I107="No","Inadequate",IF($I107="Partial","Inadequate",IF($I107="N/A","Inadequate",IF(OR($I107="",$I107=0),"Blank","Error"))))) -> Blank | K107: No Override | L107: =IF($K107="No Override",$J107,$K107) -> Blank | N107: =IF($J107=$L107,"","***") | O107: =IF(OR($I107="",$I107=0),"",$I107) | P107: =IF(OR($H107="",$H107=0),"",$H107) -> Comment is required | Q107: =$L107 -> Blank | R107: =$K107 -> No Override | S107: =$C107 -> 4 | T107: =IF($L107=$Q107,"","***")
A108: 4 | C108: =IF($B108="",$A108,$B108) -> 4 | D108: Contingency Planning | E108: CP-4.1 | F108: Contingency Plan Testing | G108: Do you test and/or exercise the contingency plan periodically to determine the plan’s effectiveness and review the contingency plan test results to initiate any needed corrective actions? | H108: ='6. Contingency Planning'!$H7 -> Comment is required | I108: ='6. Contingency Planning'!$G7 -> 0 | J108: =IF($I108="Yes","Adequate",IF($I108="No","Inadequate",IF($I108="Partial","Inadequate",IF($I108="N/A","Inadequate",IF(OR($I108="",$I108=0),"Blank","Error"))))) -> Blank | K108: No Override | L108: =IF($K108="No Override",$J108,$K108) -> Blank | N108: =IF($J108=$L108,"","***") | O108: =IF(OR($I108="",$I108=0),"",$I108) | P108: =IF(OR($H108="",$H108=0),"",$H108) -> Comment is required | Q108: =$L108 -> Blank | R108: =$K108 -> No Override | S108: =$C108 -> 4 | T108: =IF($L108=$Q108,"","***")
A109: 4 | C109: =IF($B109="",$A109,$B109) -> 4 | D109: Contingency Planning | E109: CP-6.1 | F109: Alternate Storage Site | G109: Has your department established an alternate storage site including necessary agreements to permit the storage and recovery of information system backup information? | H109: ='6. Contingency Planning'!$H8 -> Comment is required | I109: ='6. Contingency Planning'!$G8 -> 0 | J109: =IF($I109="Yes","Adequate",IF($I109="No","Inadequate",IF($I109="Partial","Inadequate",IF($I109="N/A","Inadequate",IF(OR($I109="",$I109=0),"Blank","Error"))))) -> Blank | K109: No Override | L109: =IF($K109="No Override",$J109,$K109) -> Blank | N109: =IF($J109=$L109,"","***") | O109: =IF(OR($I109="",$I109=0),"",$I109) | P109: =IF(OR($H109="",$H109=0),"",$H109) -> Comment is required | Q109: =$L109 -> Blank | R109: =$K109 -> No Override | S109: =$C109 -> 4 | T109: =IF($L109=$Q109,"","***")
A110: 4 | C110: =IF($B110="",$A110,$B110) -> 4 | D110: Contingency Planning | E110: CP-6.2 | F110: Alternate Storage Site | G110: Does the alternate storage site provide information security safeguards equivalent to that of the primary site? | H110: ='6. Contingency Planning'!$H9 -> Comment is required | I110: ='6. Contingency Planning'!$G9 -> 0 | J110: =IF($I110="Yes","Adequate",IF($I110="No","Inadequate",IF($I110="Partial","Inadequate",IF($I110="N/A","Inadequate",IF(OR($I110="",$I110=0),"Blank","Error"))))) -> Blank | K110: No Override | L110: =IF($K110="No Override",$J110,$K110) -> Blank | N110: =IF($J110=$L110,"","***") | O110: =IF(OR($I110="",$I110=0),"",$I110) | P110: =IF(OR($H110="",$H110=0),"",$H110) -> Comment is required | Q110: =$L110 -> Blank | R110: =$K110 -> No Override | S110: =$C110 -> 4 | T110: =IF($L110=$Q110,"","***")
...

Sheet Override Control Env2
F1: Environment Scope Summary
F2: Service or Product? | G2: Data Types: | H2: Client Data Accessible via: | I2: Certifications | J2: Environment Access
F3: =IF(Scope!D6="Yes",_xlfn.CONCAT("Service ")&IF(Scope!D7="Yes",_xlfn.CONCAT("Product"),""),IF(Scope!D7="Yes",_xlfn.CONCAT("Product"),"Blank")) -> Blank | G3: =IF(Scope!D17="Yes","PHI","No PHI") -> No PHI | H3: =IF(OR(Scope!D23="Yes",NOT(Scope!E23="")),"Workstation"&_xlfn.CONCAT(" ,",Scope!E23),"") | I3: =IF(Scope!D36="Yes",_xlfn.CONCAT("SOC 1 Type 1 ")&IF(Scope!D37="Yes",_xlfn.CONCAT("SOC 1 Type 2"),""),IF(Scope!D37="Yes",_xlfn.CONCAT("SOC 1 Type 2"),"No SOC 1")) -> No SOC 1 | J3: =IF(Scope!D10="Yes",_xlfn.CONCAT("Remote Access Client Network ")&IF(Scope!D11="Yes",_xlfn.CONCAT("Onsite Network Access"),""),IF(Scope!D11="Yes",_xlfn.CONCAT("Onsite Network Access"),""))
F4: =IF(Scope!D6="Yes",Scope!E6,"")& " "&IF(Scope!D7="Yes",Scope!E7,"") | G4: =IF(Scope!D18="Yes","PII","No PII") -> No PII | H4: =IF(OR(Scope!D24="Yes",NOT(Scope!E24="")),"Mobile Device"&_xlfn.CONCAT(" ,",Scope!E24),"") | I4: =IF(Scope!D38="Yes",_xlfn.CONCAT("SOC 2 Type 1 ")&IF(Scope!D39="Yes",_xlfn.CONCAT("SOC 2 Type 2"),""),IF(Scope!D39="Yes",_xlfn.CONCAT("SOC 2 Type 2"),"No SOC 2")) -> No SOC 2 | J4: =IF(Scope!D12="Yes",_xlfn.CONCAT("Access Client Infrastructure ")&IF(Scope!D13="Yes",_xlfn.CONCAT("Access Application/Database"),""),IF(Scope!D13="Yes",_xlfn.CONCAT("Access Application/Database"),""))
G5: =IF(Scope!D19="Yes","PCI","No PCI") -> No PCI | H5: =IF(OR(Scope!D25="Yes",NOT(Scope!E25="")),"Medical Device"&_xlfn.CONCAT(" ,",Scope!E25),"") | I5: =IF(Scope!D40="Yes",_xlfn.CONCAT("SOC 3 ")&IF(Scope!D41="Yes",_xlfn.CONCAT("HITRUST"),""),IF(Scope!D41="Yes",_xlfn.CONCAT("HITRUST"),"")) | J5: =IF(Scope!D14="Yes",_xlfn.CONCAT("Receive Client Data ")&IF(Scope!D15="Yes",_xlfn.CONCAT("No Access"),""),IF(Scope!D15="Yes",_xlfn.CONCAT("No Access"),""))
G6: =IF(Scope!D20="Yes",_xlfn.CONCAT("Employee Information ")&IF(Scope!D21="Yes",_xlfn.CONCAT(" Proprietary Information")),IF(Scope!D21="Yes",_xlfn.CONCAT("Proprietary Information"),"No Employee or Proprietary Informaiton")) -> No Employee or Proprietary Informaiton | H6: =IF(OR(Scope!D26="Yes",NOT(Scope!E26="")),"Other"&_xlfn.CONCAT(" ,",Scope!E26),"") | I6: =IF(Scope!D42="Yes",_xlfn.CONCAT("PCI DSS ")&IF(Scope!D42="Yes",_xlfn.CONCAT("ISO 27001"),""),IF(Scope!D42="Yes",_xlfn.CONCAT("ISO 27001"),""))
I7: =IF(Scope!D44="Yes",_xlfn.CONCAT("FedRamp ")&IF(Scope!D45="Yes",_xlfn.CONCAT("HIPAA"),""),IF(Scope!D43="Yes",_xlfn.CONCAT("HIPAA"),""))
A8: Tier | B8: Client Tier | C8: Calc Tier | D8: Control Family | E8: Control Question # | F8: Control Name | G8: Security Question | H8: Comment | I8: Response | J8: Calc Response | K8: Override | L8: Final Response | M8: Reviewer Comment | N8: FindOverrideChanges | O8: Response: | P8: Comments/ Notes: | Q8: FinalResponse | R8: Overrides | S8: OverrideTier | T8: CheckOverrideChanges
A9: 3 | C9: =IF($B9="",$A9,$B9) -> 3 | D9: Access Controls | E9: AC-1.1 | F9: Access Control Policy and Procedures | G9: Are there formally documented policies and procedures for access control? If yes, please attach. | H9: ='1. Access Controls'!$J3 -> Comment is required | I9: ='1. Access Controls'!$I3 -> 0 | J9: =IF($I9="Yes","Adequate",IF($I9="No","Inadequate",IF($I9="Partial","Inadequate",IF($I9="N/A","Inadequate",IF(OR($I9="",$I9=0),"Blank","Error"))))) -> Blank | K9: No Override | L9: =IF($K9="No Override",$J9,$K9) -> Blank | N9: =IF($J9=$L9,"","***") | O9: =IF(OR($I9="",$I9=0),"",$I9) | P9: =IF(OR($H9="",$H9=0),"",$H9) -> Comment is required | Q9: =$L9 -> Blank | R9: =$K9 -> No Override | S9: =$C9 -> 3 | T9: =IF($L9=$Q9,"","***")
A10: 1 | C10: =IF($B10="",$A10,$B10) -> 1 | D10: Access Controls | E10: AC-2.1 | F10: Account Management | G10: Do you have a process for managing accounts, including - creating, modifying, monitoring, and deleting/disabling accounts? | H10: ='1. Access Controls'!$J4 -> Comment is required | I10: ='1. Access Controls'!$I4 -> 0 | J10: =IF($I10="Yes","Adequate",IF($I10="No","Inadequate",IF($I10="Partial","Inadequate",IF($I10="N/A","Inadequate",IF(OR($I10="",$I10=0),"Blank","Error"))))) -> Blank | K10: No Override | L10: =IF($K10="No Override",$J10,$K10) -> Blank | N10: =IF($J10=$L10,"","***") | O10: =IF(OR($I10="",$I10=0),"",$I10) | P10: =IF(OR($H10="",$H10=0),"",$H10) -> Comment is required | Q10: =$L10 -> Blank | R10: =$K10 -> No Override | S10: =$C10 -> 1 | T10: =IF($L10=$Q10,"","***")
A11: 1 | C11: =IF($B11="",$A11,$B11) -> 1 | D11: Access Controls | E11: AC-2.2 | F11: Account Management | G11: Are accounts reviewed on a periodic basis? If yes, include timeframe in comment. | H11: ='1. Access Controls'!$J5 -> Comment is required | I11: ='1. Access Controls'!$I5 -> 0 | J11: =IF($I11="Yes","Adequate",IF($I11="No","Inadequate",IF($I11="Partial","Inadequate",IF($I11="N/A","Inadequate",IF(OR($I11="",$I11=0),"Blank","Error"))))) -> Blank | K11: No Override | L11: =IF($K11="No Override",$J11,$K11) -> Blank | N11: =IF($J11=$L11,"","***") | O11: =IF(OR($I11="",$I11=0),"",$I11) | P11: =IF(OR($H11="",$H11=0),"",$H11) -> Comment is required | Q11: =$L11 -> Blank | R11: =$K11 -> No Override | S11: =$C11 -> 1 | T11: =IF($L11=$Q11,"","***")
A12: 1 | C12: =IF($B12="",$A12,$B12) -> 1 | D12: Access Controls | E12: AC-2.3 | F12: Account Management | G12: Have all guest, shared (other than Admin/Root), or group accounts been removed or disabled? | H12: ='1. Access Controls'!$J6 -> Comment is required | I12: ='1. Access Controls'!$I6 -> 0 | J12: =IF($I12="Yes","Adequate",IF($I12="No","Inadequate",IF($I12="Partial","Inadequate",IF($I12="N/A","Inadequate",IF(OR($I12="",$I12=0),"Blank","Error"))))) -> Blank | K12: No Override | L12: =IF($K12="No Override",$J12,$K12) -> Blank | N12: =IF($J12=$L12,"","***") | O12: =IF(OR($I12="",$I12=0),"",$I12) | P12: =IF(OR($H12="",$H12=0),"",$H12) -> Comment is required | Q12: =$L12 -> Blank | R12: =$K12 -> No Override | S12: =$C12 -> 1 | T12: =IF($L12=$Q12,"","***")
A13: 1 | C13: =IF($B13="",$A13,$B13) -> 1 | D13: Access Controls | E13: AC-2.4 | F13: Account Management | G13: Are account managers notified when accounts are no longer required, when users are terminated or transferred, or when individual access requirements change? | H13: ='1. Access Controls'!$J7 -> Comment is required | I13: ='1. Access Controls'!$I7 -> 0 | J13: =IF($I13="Yes","Adequate",IF($I13="No","Inadequate",IF($I13="Partial","Inadequate",IF($I13="N/A","Inadequate",IF(OR($I13="",$I13=0),"Blank","Error"))))) -> Blank | K13: No Override | L13: =IF($K13="No Override",$J13,$K13) -> Blank | N13: =IF($J13=$L13,"","***") | O13: =IF(OR($I13="",$I13=0),"",$I13) | P13: =IF(OR($H13="",$H13=0),"",$H13) -> Comment is required | Q13: =$L13 -> Blank | R13: =$K13 -> No Override | S13: =$C13 -> 1 | T13: =IF($L13=$Q13,"","***")
A14: 1 | C14: =IF($B14="",$A14,$B14) -> 1 | D14: Access Controls | E14: AC-2.5 | F14: Account Management | G14: Is approval from an authorized signer required before provisioning accounts? | H14: ='1. Access Controls'!$J8 -> Comment is required | I14: ='1. Access Controls'!$I8 -> 0 | J14: =IF($I14="Yes","Adequate",IF($I14="No","Inadequate",IF($I14="Partial","Inadequate",IF($I14="N/A","Inadequate",IF(OR($I14="",$I14=0),"Blank","Error"))))) -> Blank | K14: No Override | L14: =IF($K14="No Override",$J14,$K14) -> Blank | N14: =IF($J14=$L14,"","***") | O14: =IF(OR($I14="",$I14=0),"",$I14) | P14: =IF(OR($H14="",$H14=0),"",$H14) -> Comment is required | Q14: =$L14 -> Blank | R14: =$K14 -> No Override | S14: =$C14 -> 1 | T14: =IF($L14=$Q14,"","***")
A15: 1 | C15: =IF($B15="",$A15,$B15) -> 1 | D15: Access Controls | E15: AC-3.1 | F15: Access Enforcement | G15: Does the information system verify the rights of a user to access the information system? (Access Control Lists, Group/Role membership?) If yes, detail how the access is enforced in the comment. | H15: ='1. Access Controls'!$J9 -> Comment is required | I15: ='1. Access Controls'!$I9 -> 0 | J15: =IF($I15="Yes","Adequate",IF($I15="No","Inadequate",IF($I15="Partial","Inadequate",IF($I15="N/A","Inadequate",IF(OR($I15="",$I15=0),"Blank","Error"))))) -> Blank | K15: No Override | L15: =IF($K15="No Override",$J15,$K15) -> Blank | N15: =IF($J15=$L15,"","***") | O15: =IF(OR($I15="",$I15=0),"",$I15) | P15: =IF(OR($H15="",$H15=0),"",$H15) -> Comment is required | Q15: =$L15 -> Blank | R15: =$K15 -> No Override | S15: =$C15 -> 1 | T15: =IF($L15=$Q15,"","***")
