Workbook
Name RequestedBy: Labels!$A$8:$A$9
Name ReviewType: Labels!$A$1:$A$3
Name Risk: Labels!$A$11:$A$14
Name YesNo: Labels!$A$5:$A$6

Sheet Instructions
B1: NYC Health + Hospitals (the System) Risk Assessment Questionnaire Ver. 3.0e
B4: As part of NYC Health + Hospitals (the System) RFP / Business Request process, the System reviews security and compliance controls for all applications and solutions.
B5: Application Risk Review Questionnaire
A6: 1 | B6: PM fills out header metadata
A7: 2 | B7: Business Unit Owners should fill out Section 1 of the Application Questionnaire in the column provided.
A8: 3 | B8: Third party Vendors should fill out all relevant section of the Application Questionnaire in the column provided.

Sheet ApplicationQuestionnaire
C1: NYC Health + Hospitals (the System) Application Review / Risk Assessment Questionnaire Ver. 3.0f The System's Business Owner should answer Section 1, and Vendor should answer the remaining sections Please answer all questions completely, in the appropriate cell. Where appropriate, please attach suppporting documentation. PLEASE NOTE: The name "the System" refers to NYC Health + Hospitals
B3: Application / System Name | C3: PeriGen Fetal Monitoring System | D3: Business Owner | E3: Wendy Wilcox | F3: Demand Number | G3: DMND000013259
B4: Description | C4: Software for fetal monitoring system with decision support | D4: Project Manager: | E4: Shamise Quinn | F4: ePHI Storage
D5: EITS Owner: | E5: Julio Santos | F5: ePHI Transfer
B6: Architectural Diagram Included | C6: Yes | D6: Vendor Contact: | F6: Externally Hosted
B7: Data Flow Diagram Included | C7: Yes
B8: Date Review Questionnaire Sent to Vendor: | D8: Risk Reviewer: | F8: ISRM Approval
B9: Date Review Questionnaire Received From Vendor: | C9: Feb 23 2024 | D9: Compliance Reviewer: | F9: OCC Approval
A11: Control ID | B11: Section | C11: Vendor Response | D11: Business Response | E11: Risk Assessor Notes | F11: Risk Assessor Notes | G11: OCC Notes | H11: Risk | I11: Requirements | J11: Likelihood | K11: Impact | L11: Risk | M11: Risk Score
B12: Section 1 Business
A13: BR | B13: Business Requirements
A14: BR-01 | B14: What is the primary business purpose of the solution or application? | C14: PeriWatch Surveillance is an advanced fetal surveillance and documentation system that incorporates the only automated maternal-fetal early warning system commercially available in the U.S. The systems features near real-time analytical tools and scalable workflows to help labor and delivery teams imporve productivity and efficiency, standardize communicaiton and make informed decisions. | D14: PeriWatch Surveillance is an advanced fetal surveillance and documentation system that incorporates the only automated maternal-fetal early warning system commercially available in the U.S. The systems features near real-time analytical tools and scalable workflows to help labor and delivery teams imporve productivity and efficiency, standardize communicaiton and make informed decisions.
A15: BR-02 | B15: What are the main functions of the solution or application? | C15: The main function of the application is to provide a view for clinical staff to see patient tracings, annotations and early warning alerts to help improve birthing outcomes. | D15: The main functions of the application software are to monitor the fetal heart rate and use AI generated algorithms to help the clinician interpret fetal heart classification. Additionally, communication is standardized and lessens the burden on nursing documentation. Improves productivity. Uses AI generated algorithmns to identify patients who may be at risk for adverse outcomes.
A16: BR-03 | B16: Which of the System's business units is the owner of application? | D16: Medical and Professional Affairs, Office of Women's Health, Obstetrics and Gynecology
A17: BR-04 | B17: Which of the System's facilities will the application serve? | C17: Labor and delivery units | D17: The application will serve all 11 acute care maternity hospitals.
A18: DG | B18: Data Governance | C18: Vendor Response | D18: Business Response | E18: Risk Assessor Notes | F18: Risk Assessor Notes | G18: OCC Notes | H18: Risk | I18: Requirements | J18: Likelihood | K18: Impact | L18: Risk | M18: Risk Score
A19: DG-01 | B19: Which of the System's business unit is the data owner? Are there multiple business units that own the data? | C19: N/A | D19: Medical and Professional Affairs, Office of Women's Health, Obstetrics and Gynecology
A20: DG-02 | B20: What data does the application receive, process, and / or produce? (eg. Medical (ePHI), Personnel, Financial etc.) | C20: Medical PHI is sent via HL7 interfaces from Epic to PeriWatch | D20: The application interfaces with Epic. It receives Medical PHI.
A21: DG-02a | B21: Provide details (a sample data set). | D21: n/a
A22: DG-02b | B22: Are SSNs (full or redacted) needed for the business purpose for this data transfer? If yes, why? Can a redacted format suffice? | C22: Not needed but can be interfaced. | D22: Will ask vendor. Probably not.
A23: DG-03 | B23: If data is not PHI, is it considered business sensitive or confidential? | D23: N/A
A24: DG-04 | B24: If the data in the application is compromised how does it impact the System? (eg. Breach notification required or Reputational damage, etc.) | C24: All data is stored on customer site within a DB. If the DB was compromised(encrypted by ransomware) the application would be inoperable at that time. | D24: Requires discussion with vendor.
A25: EU | B25: End Users | C25: Vendor Response | D25: Business Response | E25: Risk Assessor Notes | F25: Risk Assessor Notes | G25: OCC Notes | H25: Risk | I25: Requirements | J25: Likelihood | K25: Impact | L25: Risk | M25: Risk Score
A26: EU-01 | B26: Who are the application’s end users? (eg. business units, external users, etc.) | C26: Clinical staff | D26: Clinical providers and nurses in the obstetrical areas.
A27: EU-02 | B27: How do the end users access and interact (via web etc.) with the application? | C27: PeriWatch has a thick client that can be installed on the PC or pushed through Citrix to the users. On the Vigilance side, access is via HTTPS. | D27: The end users access and interact with the application either through Epic or through the client application.
A28: EU-03 | B28: What are the security expectations from the end users? | D28: Follow H+H policy.
A29: TP | B29: Third Party Vendor | C29: Vendor Response | D29: Business Response | E29: Risk Assessor Notes | F29: Risk Assessor Notes | G29: OCC Notes | H29: Risk | I29: Requirements | J29: Likelihood | K29: Impact | L29: Risk | M29: Risk Score
A30: TP-01 | B30: Are there any third parties that receive or process data to or from the application? If yes, Who? | C30: No | D30: Requires vendor discussion. Possibly no.
A31: TP-02 | B31: What methods or mechanisms are used to share data with third parties? (eg. FTP, SFTP, RDP, SecureLink, etc.) | C31: N/A | D31: Requires vendor discussion, if applicable.
A32: TP-03 | B32: Has the vendor signed the the System's standard BAA (Business Associate Agreement)? If yes, please provide a copy. If no, please contact Supply Chain. | C32: Not as of the filing of this questionnaire | D32: No. Information with Supply Chain department in progress.
A33: AD | B33: Administrators | C33: Vendor Response | D33: Business Response | E33: Risk Assessor Notes | F33: Risk Assessor Notes | G33: OCC Notes | H33: Risk | I33: Requirements | J33: Likelihood | K33: Impact | L33: Risk | M33: Risk Score
A34: AD-01 | B34: Does vendor retain administrative privileges to the application? | C34: Yes | D34: Yes, requires vendor discussion.
A35: AD-02 | B35: What administrative roles or functions does the application offer? | C35: Roles can be created based upon desired access. The roles are customizable on the backend. | D35: Requires vendor discussion.
A36: AD-02a | B36: Provide RBAC model for the Administrative functions. | D36: ???
A37: RG | B37: Regulations | C37: Vendor Response | D37: Business Response | E37: Risk Assessor Notes | F37: Risk Assessor Notes | G37: OCC Notes | H37: Risk | I37: Requirements | J37: Likelihood | K37: Impact | L37: Risk | M37: Risk Score
A38: RG-01 | B38: Which industries does the application pertain to? | C38: Perinatal Software Development | D38: Perinatal medicine/Women's Health
A39: RG-02 | B39: Which regulations does the application adhere to? (eg. HIPAA, HITECH, etc. ) | C39: HIPAA | D39: HIPAA
B40: Section 2 Infrastructure
A41: SN | B41: Systems & Network | C41: Vendor Response | D41: Business Response | E41: Risk Assessor Notes | F41: Risk Assessor Notes | G41: OCC Notes | H41: Risk | I41: Requirements | J41: Likelihood | K41: Impact | L41: Risk | M41: Risk Score
A42: SN-01 | B42: Does the application run on a local workstation or an on-premise server platform? | C42: Application is installed on Windows Server, on-premise to the client. | L42: =IF(M42=0,"",IF(M42<3,"Low",IF(M42<6,"Medium","High"))) | M42: =PRODUCT(N42:O42) -> 0 | N42: =IF(J42="Low",1,IF(J42="Medium",2,IF(J42="High",3,0))) -> 0 | O42: =IF(K42="Low",1,IF(K42="Medium",2,IF(K42="High",3,0))) -> 0
A43: SN-01a | B43: If yes, what Operating Systems or Browsers does the application support? (eg. Windows Server 2016, Red Hat Linux 7.2, AIX, Windows 10, Chrome, IE, etc.) | C43: Windows Server 2016, Windows Server 2019, Chrome and Edge. | L43: =IF(M43=0,"",IF(M43<3,"Low",IF(M43<6,"Medium","High"))) | M43: =PRODUCT(N43:O43) -> 0 | N43: =IF(J43="Low",1,IF(J43="Medium",2,IF(J43="High",3,0))) -> 0 | O43: =IF(K43="Low",1,IF(K43="Medium",2,IF(K43="High",3,0))) -> 0
A44: SN-02 | B44: Provide a detailed Technical Architecture Diagram. (Please include a data flow diagram, networking and server requirements, topology, etc.) | C44: See associated document with this response. | L44: =IF(M44=0,"",IF(M44<3,"Low",IF(M44<6,"Medium","High"))) | M44: =PRODUCT(N44:O44) -> 0 | N44: =IF(J44="Low",1,IF(J44="Medium",2,IF(J44="High",3,0))) -> 0 | O44: =IF(K44="Low",1,IF(K44="Medium",2,IF(K44="High",3,0))) -> 0
A45: SN-03 | B45: Will any of the applications components or devices residing internally to the NYC Health + Hospitals environment be owned or managed by vendor or another third party? (If yes, answer remaining questions in this section.) | C45: PeriGen will support the application after go-live but maintenance on the servers is to be the responsibility of the client. For example, patches, updates and resource monitoring would be the responsibility of the client. | L45: =IF(M45=0,"",IF(M45<3,"Low",IF(M45<6,"Medium","High"))) | M45: =PRODUCT(N45:O45) -> 0 | N45: =IF(J45="Low",1,IF(J45="Medium",2,IF(J45="High",3,0))) -> 0 | O45: =IF(K45="Low",1,IF(K45="Medium",2,IF(K45="High",3,0))) -> 0
A46: SN-03a | B46: Will the application or device be joined to our domain or separate from it? | C46: Joined to the domain | L46: =IF(M46=0,"",IF(M46<3,"Low",IF(M46<6,"Medium","High"))) | M46: =PRODUCT(N46:O46) -> 0 | N46: =IF(J46="Low",1,IF(J46="Medium",2,IF(J46="High",3,0))) -> 0 | O46: =IF(K46="Low",1,IF(K46="Medium",2,IF(K46="High",3,0))) -> 0
A47: SN-03b | B47: Will the application or device require connectivity with the our domain? | C47: Yes | L47: =IF(M47=0,"",IF(M47<3,"Low",IF(M47<6,"Medium","High"))) | M47: =PRODUCT(N47:O47) -> 0 | N47: =IF(J47="Low",1,IF(J47="Medium",2,IF(J47="High",3,0))) -> 0 | O47: =IF(K47="Low",1,IF(K47="Medium",2,IF(K47="High",3,0))) -> 0
A48: SN-03c | B48: Will the application or device directly or indirectly, access business sensitive data? (eg. PHI, Financial, Personnel information etc.)? | C48: PHI | L48: =IF(M48=0,"",IF(M48<3,"Low",IF(M48<6,"Medium","High"))) | M48: =PRODUCT(N48:O48) -> 0 | N48: =IF(J48="Low",1,IF(J48="Medium",2,IF(J48="High",3,0))) -> 0 | O48: =IF(K48="Low",1,IF(K48="Medium",2,IF(K48="High",3,0))) -> 0
A49: SN-03d | B49: Who will be responsible for the application or device management? (eg. OS and Security Patches, Anti-Virus etc.) | C49: Client | L49: =IF(M49=0,"",IF(M49<3,"Low",IF(M49<6,"Medium","High"))) | M49: =PRODUCT(N49:O49) -> 0 | N49: =IF(J49="Low",1,IF(J49="Medium",2,IF(J49="High",3,0))) -> 0 | O49: =IF(K49="Low",1,IF(K49="Medium",2,IF(K49="High",3,0))) -> 0
B50: Supported infrastructure | M50: =MAX(M42:M49) -> 0
A51: RA | B51: Remote Access | C51: Vendor Response | D51: Business Response | E51: Risk Assessor Notes | F51: Risk Assessor Notes | G51: OCC Notes | H51: Risk | I51: Requirements | J51: Likelihood | K51: Impact | L51: Risk | M51: Risk Score
A52: RA-01 | B52: Is functionality built into the application which allows remote user to access or control on-premise components of the application (client or server)? (If yes answer the remaining questions in this section.) | C52: PeriWatch has the ability to be pushed as a Citrix app. | L52: =IF(M52=0,"",IF(M52<3,"Low",IF(M52<6,"Medium","High"))) | M52: =PRODUCT(N52:O52) -> 0 | N52: =IF(J52="Low",1,IF(J52="Medium",2,IF(J52="High",3,0))) -> 0 | O52: =IF(K52="Low",1,IF(K52="Medium",2,IF(K52="High",3,0))) -> 0
A53: RA-02 | B53: What remote connection methods or protocols does the applcation support? | C53: Citrix or VPN access through the client | L53: =IF(M53=0,"",IF(M53<3,"Low",IF(M53<6,"Medium","High"))) | M53: =PRODUCT(N53:O53) -> 0 | N53: =IF(J53="Low",1,IF(J53="Medium",2,IF(J53="High",3,0))) -> 0 | O53: =IF(K53="Low",1,IF(K53="Medium",2,IF(K53="High",3,0))) -> 0
A54: RA-03 | B54: What connection methods or protocols are used to accomplish remote support? Will the vendor use SecureLink? | C54: Yes SecureLink is our preferred option. | L54: =IF(M54=0,"",IF(M54<3,"Low",IF(M54<6,"Medium","High"))) | M54: =PRODUCT(N54:O54) -> 0 | N54: =IF(J54="Low",1,IF(J54="Medium",2,IF(J54="High",3,0))) -> 0 | O54: =IF(K54="Low",1,IF(K54="Medium",2,IF(K54="High",3,0))) -> 0
B55: Supported remote acccess | L55: =IF(M55=0,"",IF(M55<3,"Low",IF(M55<6,"Medium","High"))) | M55: =MAX(M52:M54) -> 0
A56: BC | B56: Business Continuity / Disaster Recovery | C56: Vendor Response | D56: Business Response | E56: Risk Assessor Notes | F56: Risk Assessor Notes | G56: OCC Notes | H56: Risk | I56: Requirements | J56: Likelihood | K56: Impact | L56: Risk | M56: Risk Score
A57: BC-01 | B57: Does the application support configuration backups? | C57: Yes | L57: =IF(M57=0,"",IF(M57<3,"Low",IF(M57<6,"Medium","High"))) | M57: =PRODUCT(N57:O57) -> 0 | N57: =IF(J57="Low",1,IF(J57="Medium",2,IF(J57="High",3,0))) -> 0 | O57: =IF(K57="Low",1,IF(K57="Medium",2,IF(K57="High",3,0))) -> 0
A58: BC-02 | B58: Does the application support HA (High Availablity) in an Active - Active Mode? | C58: Not natively. Vmware SRM is supported is the customer is invested in this technology. This also requires a full SQL clustering option | L58: =IF(M58=0,"",IF(M58<3,"Low",IF(M58<6,"Medium","High"))) | M58: =PRODUCT(N58:O58) -> 0 | N58: =IF(J58="Low",1,IF(J58="Medium",2,IF(J58="High",3,0))) -> 0 | O58: =IF(K58="Low",1,IF(K58="Medium",2,IF(K58="High",3,0))) -> 0
A59: BC-02a | B59: If Yes, will it be implemented in HA (High Availablity) Active - Active Mode? | C59: If SRM is supported and all prerequisits are present | L59: =IF(M59=0,"",IF(M59<3,"Low",IF(M59<6,"Medium","High"))) | M59: =PRODUCT(N59:O59) -> 0 | N59: =IF(J59="Low",1,IF(J59="Medium",2,IF(J59="High",3,0))) -> 0 | O59: =IF(K59="Low",1,IF(K59="Medium",2,IF(K59="High",3,0))) -> 0
A60: BC-03 | B60: What business continuity provisions are defined for the application? | C60: PeriWatch supports Vmotion, SQL DB clustering + full backups for DR. SRM is also an option. | L60: =IF(M60=0,"",IF(M60<3,"Low",IF(M60<6,"Medium","High"))) | M60: =PRODUCT(N60:O60) -> 0 | N60: =IF(J60="Low",1,IF(J60="Medium",2,IF(J60="High",3,0))) -> 0 | O60: =IF(K60="Low",1,IF(K60="Medium",2,IF(K60="High",3,0))) -> 0
A61: BC-04 | B61: For on-premise deployments, will the application and its data be replicated in both data centers? | C61: SQL AlwaysOn and Vmware is the preferred platfrom for data and app replication which depends on customer infrastructure. Will need to be discussed as part of pre-install activities | L61: =IF(M61=0,"",IF(M61<3,"Low",IF(M61<6,"Medium","High"))) | M61: =PRODUCT(N61:O61) -> 0 | N61: =IF(J61="Low",1,IF(J61="Medium",2,IF(J61="High",3,0))) -> 0 | O61: =IF(K61="Low",1,IF(K61="Medium",2,IF(K61="High",3,0))) -> 0
A62: BC-05 | B62: Will disaster recovery tests be conducted annually according to the System's standards? | L62: =IF(M62=0,"",IF(M62<3,"Low",IF(M62<6,"Medium","High"))) | M62: =PRODUCT(N62:O62) -> 0 | N62: =IF(J62="Low",1,IF(J62="Medium",2,IF(J62="High",3,0))) -> 0 | O62: =IF(K62="Low",1,IF(K62="Medium",2,IF(K62="High",3,0))) -> 0
A63: BC-05a | B63: Provide BCP / DR process documentation. | L63: =IF(M63=0,"",IF(M63<3,"Low",IF(M63<6,"Medium","High"))) | M63: =PRODUCT(N63:O63) -> 0 | N63: =IF(J63="Low",1,IF(J63="Medium",2,IF(J63="High",3,0))) -> 0 | O63: =IF(K63="Low",1,IF(K63="Medium",2,IF(K63="High",3,0))) -> 0
A64: BC-06 | B64: Are data store comparisons done periodically to ensure data reliability? | L64: =IF(M64=0,"",IF(M64<3,"Low",IF(M64<6,"Medium","High"))) | M64: =PRODUCT(N64:O64) -> 0 | N64: =IF(J65="Low",1,IF(J65="Medium",2,IF(J65="High",3,0))) -> 0 | O64: =IF(K65="Low",1,IF(K65="Medium",2,IF(K65="High",3,0))) -> 0
B65: Business Continuity and Disaster Recovery plans defined and implemented | L65: =IF(M65=0,"",IF(M65<3,"Low",IF(M65<6,"Medium","High"))) | M65: =MAX(M57:M64) -> 0
A66: VE | B66: Virtualization / Externalization | C66: Vendor Response | D66: Business Response | E66: Risk Assessor Notes | F66: Risk Assessor Notes | G66: OCC Notes | H66: Risk | I66: Requirements | J66: Likelihood | K66: Impact | L66: Risk | M66: Risk Score
A67: VE-01 | B67: For on-premise deployments, what aspects of the application will be virtualized? | C67: Thick client can be virtualized and pushed to the staff | L67: =IF(M67=0,"",IF(M67<3,"Low",IF(M67<6,"Medium","High"))) | M67: =PRODUCT(N67:O67) -> 0 | N67: =IF(J67="Low",1,IF(J67="Medium",2,IF(J67="High",3,0))) -> 0 | O67: =IF(K67="Low",1,IF(K67="Medium",2,IF(K67="High",3,0))) -> 0
A68: VE-02 | B68: For on-premise deployments, are any of the applications components required to be hosted in the System's DMZ? | C68: No, we do not required external communication with any of our servers. If a solution is required to grant access to users outside of the client network, Citrix and/or VPN options would be preferred. | L68: =IF(M68=0,"",IF(M68<3,"Low",IF(M68<6,"Medium","High"))) | M68: =PRODUCT(N68:O68) -> 0 | N68: =IF(J68="Low",1,IF(J68="Medium",2,IF(J68="High",3,0))) -> 0 | O68: =IF(K68="Low",1,IF(K68="Medium",2,IF(K68="High",3,0))) -> 0
A69: VE-02a | B69: If yes, provide additional information. | L69: =IF(M69=0,"",IF(M69<3,"Low",IF(M69<6,"Medium","High"))) | M69: =PRODUCT(N69:O69) -> 0 | N69: =IF(J69="Low",1,IF(J69="Medium",2,IF(J69="High",3,0))) -> 0 | O69: =IF(K69="Low",1,IF(K69="Medium",2,IF(K69="High",3,0))) -> 0
B70: Sub-section Score | L70: =IF(M70=0,"",IF(M70<3,"Low",IF(M70<6,"Medium","High"))) | M70: =MAX(M67:M69) -> 0
A71: CL | B71: Cloud Infrastructure | C71: Vendor Response | D71: Business Response | E71: Risk Assessor Notes | F71: Risk Assessor Notes | G71: OCC Notes | H71: Risk | I71: Requirements | J71: Likelihood | K71: Impact | L71: Risk | M71: Risk Score
A72: CL-01 | B72: Are any of the application components located in a computing environment external to NYC Health + Hospitals? (If yes, answer the remaining questions in this section as regards the external hosting environment.) | C72: No | L72: =IF(M72=0,"",IF(M72<3,"Low",IF(M72<6,"Medium","High"))) | M72: =PRODUCT(N72:O72) -> 0 | N72: =IF(J72="Low",1,IF(J72="Medium",2,IF(J72="High",3,0))) -> 0 | O72: =IF(K72="Low",1,IF(K72="Medium",2,IF(K72="High",3,0))) -> 0
A73: CL-02 | B73: What are the application's authorization and authentication security standards? | L73: =IF(M73=0,"",IF(M73<3,"Low",IF(M73<6,"Medium","High"))) | M73: =PRODUCT(N73:O73) -> 0 | N73: =IF(J73="Low",1,IF(J73="Medium",2,IF(J73="High",3,0))) -> 0 | O73: =IF(K73="Low",1,IF(K73="Medium",2,IF(K73="High",3,0))) -> 0
A74: CL-03 | B74: What authorization and authentication protocols are supported by the application? | L74: =IF(M74=0,"",IF(M74<3,"Low",IF(M74<6,"Medium","High"))) | M74: =PRODUCT(N74:O74) -> 0 | N74: =IF(J74="Low",1,IF(J74="Medium",2,IF(J74="High",3,0))) -> 0 | O74: =IF(K74="Low",1,IF(K74="Medium",2,IF(K74="High",3,0))) -> 0
A75: CL-04 | B75: Does the application support Federated Authentication Protocols (SAML2.0, LDAP, OATH 2.0 WS-Federation, etc.)? Which ones? | L75: =IF(M75=0,"",IF(M75<3,"Low",IF(M75<6,"Medium","High"))) | M75: =PRODUCT(N75:O75) -> 0 | N75: =IF(J75="Low",1,IF(J75="Medium",2,IF(J75="High",3,0))) -> 0 | O75: =IF(K75="Low",1,IF(K75="Medium",2,IF(K75="High",3,0))) -> 0
A76: CL-05 | B76: What are the the application's availability standards? | L76: =IF(M76=0,"",IF(M76<3,"Low",IF(M76<6,"Medium","High"))) | M76: =PRODUCT(N76:O76) -> 0 | N76: =IF(J76="Low",1,IF(J76="Medium",2,IF(J76="High",3,0))) -> 0 | O76: =IF(K76="Low",1,IF(K76="Medium",2,IF(K76="High",3,0))) -> 0
A77: CL-06 | B77: For applications hosted in a cloud security model, does the application adheres to Cloud Security Alliance (CSA) standards and certifications? | L77: =IF(M77=0,"",IF(M77<3,"Low",IF(M77<6,"Medium","High"))) | M77: =PRODUCT(N77:O77) -> 0 | N77: =IF(J77="Low",1,IF(J77="Medium",2,IF(J77="High",3,0))) -> 0 | O77: =IF(K77="Low",1,IF(K77="Medium",2,IF(K77="High",3,0))) -> 0
A78: CL-07 | B78: Does the application and its hosting environment adhere to established governance frameworks? (eg. HIPAA, PCI, SOC 2 (type I & II), ISO 27001:2013, NIST800-144 etc.) | L78: =IF(M78=0,"",IF(M78<3,"Low",IF(M78<6,"Medium","High"))) | M78: =PRODUCT(N78:O78) -> 0 | N78: =IF(J78="Low",1,IF(J78="Medium",2,IF(J78="High",3,0))) -> 0 | O78: =IF(K78="Low",1,IF(K78="Medium",2,IF(K78="High",3,0))) -> 0
A79: CL-08 | B79: Does vendor allow customers to audit their data security controls? | L79: =IF(M79=0,"",IF(M79<3,"Low",IF(M79<6,"Medium","High"))) | M79: =PRODUCT(N79:O79) -> 0 | N79: =IF(J79="Low",1,IF(J79="Medium",2,IF(J79="High",3,0))) -> 0 | O79: =IF(K79="Low",1,IF(K79="Medium",2,IF(K79="High",3,0))) -> 0
A80: CL-09 | B80: Does the application use data tagging, and are the tags cryptographically signed? | L80: =IF(M80=0,"",IF(M80<3,"Low",IF(M80<6,"Medium","High"))) | M80: =PRODUCT(N80:O80) -> 0 | N80: =IF(J80="Low",1,IF(J80="Medium",2,IF(J80="High",3,0))) -> 0 | O80: =IF(K80="Low",1,IF(K80="Medium",2,IF(K80="High",3,0))) -> 0
A81: CL-10 | B81: What mechanisms does your organization provide for customers to define access to their data? | L81: =IF(M81=0,"",IF(M81<3,"Low",IF(M81<6,"Medium","High"))) | M81: =PRODUCT(N81:O81) -> 0 | N81: =IF(J81="Low",1,IF(J81="Medium",2,IF(J81="High",3,0))) -> 0 | O81: =IF(K81="Low",1,IF(K81="Medium",2,IF(K81="High",3,0))) -> 0
A82: CL-11 | B82: Provide vendor cloud security policies and standards documentation. | L82: =IF(M82=0,"",IF(M82<3,"Low",IF(M82<6,"Medium","High"))) | M82: =PRODUCT(N82:O82) -> 0 | N82: =IF(J82="Low",1,IF(J82="Medium",2,IF(J82="High",3,0))) -> 0 | O82: =IF(K82="Low",1,IF(K82="Medium",2,IF(K82="High",3,0))) -> 0
A83: CL-12 | B83: Does vendor employ virtual network segmentation and zoning across tiers? | L83: =IF(M83=0,"",IF(M83<3,"Low",IF(M83<6,"Medium","High"))) | M83: =PRODUCT(N83:O83) -> 0 | N83: =IF(J83="Low",1,IF(J83="Medium",2,IF(J83="High",3,0))) -> 0 | O83: =IF(K83="Low",1,IF(K83="Medium",2,IF(K83="High",3,0))) -> 0
A84: CL-13 | B84: Does the application employ end-to-end encryption for data-in-transit? | L84: =IF(M84=0,"",IF(M84<3,"Low",IF(M84<6,"Medium","High"))) | M84: =PRODUCT(N84:O84) -> 0 | N84: =IF(J84="Low",1,IF(J84="Medium",2,IF(J84="High",3,0))) -> 0 | O84: =IF(K84="Low",1,IF(K84="Medium",2,IF(K84="High",3,0))) -> 0
... A87: CL-16 | B87: Provide vendor's auditing and monitoring controls policies. | L87: =IF(M87=0,"",IF(M87<3,"Low",IF(M87<6,"Medium","High"))) | M87: =PRODUCT(N87:O87) -> 0 | N87: =IF(J87="Low",1,IF(J87="Medium",2,IF(J87="High",3,0))) -> 0 | O87: =IF(K87="Low",1,IF(K87="Medium",2,IF(K87="High",3,0))) -> 0
B88: Cloud Compliance (Application is ISO 27001, ISO 27018, SOC2, FedRAMP certified) | L88: =IF(M88=0,"",IF(M88<3,"Low",IF(M88<6,"Medium","High"))) | M88: =MAX(M72:M87) -> 0
A89: TM | B89: Transfer Method | C89: Vendor Response | D89: Business Response | E89: Risk Assessor Notes | F89: Risk Assessor Notes | G89: OCC Notes | H89: Risk | I89: Requirements | J89: Likelihood | K89: Impact | L89: Risk | M89: Risk Score
A90: TM-01 | B90: Does the application involve data transfers from the System's environment to the vendor? | C90: Potentially, if cold feed is part of the build. | L90: =IF(M90=0,"",IF(M90<3,"Low",IF(M90<6,"Medium","High"))) | M90: =PRODUCT(N90:O90) -> 0 | N90: =IF(J90="Low",1,IF(J90="Medium",2,IF(J90="High",3,0))) -> 0 | O90: =IF(K90="Low",1,IF(K90="Medium",2,IF(K90="High",3,0))) -> 0
A91: TM-01a | B91: If yes, is SFTP (Accellion/Kiteworks) supported for file transfer? | C91: Yes | L91: =IF(M91=0,"",IF(M91<3,"Low",IF(M91<6,"Medium","High"))) | M91: =PRODUCT(N91:O91) -> 0 | N91: =IF(J91="Low",1,IF(J91="Medium",2,IF(J91="High",3,0))) -> 0 | O91: =IF(K91="Low",1,IF(K91="Medium",2,IF(K91="High",3,0))) -> 0
A92: TM-01b | B92: If No, a VPN must be created between the System and the vendor before the file transfer commences. | L92: =IF(M92=0,"",IF(M92<3,"Low",IF(M92<6,"Medium","High"))) | M92: =PRODUCT(N92:O92) -> 0 | N92: =IF(J92="Low",1,IF(J92="Medium",2,IF(J92="High",3,0))) -> 0 | O92: =IF(K92="Low",1,IF(K92="Medium",2,IF(K92="High",3,0))) -> 0
B93: Standard data transfer method | L93: =IF(M93=0,"",IF(M93<3,"Low",IF(M93<6,"Medium","High"))) | M93: =MAX(M90:M92) -> 0
B94: Section 3 Application
A95: EN | B95: Environment | C95: Vendor Response | D95: Business Response | E95: Risk Assessor Notes | F95: Risk Assessor Notes | G95: OCC Notes | H95: Risk | I95: Requirements | J95: Likelihood | K95: Impact | L95: Risk | M95: Risk Score
A96: EN- 01 | B96: What frameworks and programming languages were used in developing the application? | C96: C# .Net (Server side), Angular (Client side web app) | L96: =IF(M96=0,"",IF(M96<3,"Low",IF(M96<6,"Medium","High"))) | M96: =PRODUCT(N96:O96) -> 0 | N96: =IF(J96="Low",1,IF(J96="Medium",2,IF(J96="High",3,0))) -> 0 | O96: =IF(K96="Low",1,IF(K96="Medium",2,IF(K96="High",3,0))) -> 0
A97: EN-02 | B97: For on-premise deployments, what database server (eg., Oracle, MS-SQL, etc.), if any, will be used? | C97: MS-SQL | L97: =IF(M97=0,"",IF(M97<3,"Low",IF(M97<6,"Medium","High"))) | M97: =PRODUCT(N97:O97) -> 0 | N97: =IF(J97="Low",1,IF(J97="Medium",2,IF(J97="High",3,0))) -> 0 | O97: =IF(K97="Low",1,IF(K97="Medium",2,IF(K97="High",3,0))) -> 0
A98: EN-03 | B98: For on-premise deployments, what application server (eg. Tomcat, Websphere, etc), if any, will be used? | C98: IIS will be installed on the PeriWatch application server. | L98: =IF(M98=0,"",IF(M98<3,"Low",IF(M98<6,"Medium","High"))) | M98: =PRODUCT(N98:O98) -> 0 | N98: =IF(J98="Low",1,IF(J98="Medium",2,IF(J98="High",3,0))) -> 0 | O98: =IF(K98="Low",1,IF(K98="Medium",2,IF(K98="High",3,0))) -> 0
B99: Sub-section Score | L99: =IF(M99=0,"",IF(M99<3,"Low",IF(M99<6,"Medium","High"))) | M99: =MAX(M96:M98) -> 0
A100: SD | B100: Software Development | C100: Vendor Response | D100: Business Response | E100: Risk Assessor Notes | F100: Risk Assessor Notes | G100: OCC Notes | H100: Risk | I100: Requirements | J100: Likelihood | K100: Impact | L100: Risk | M100: Risk Score
A101: SD-01 | B101: What Software Development Life Cycle (SDLC) methodology does the vendor use? | C101: PeriGen uses Agile methodology augmented to meet FDA/ISO quality system requirements. | L101: =IF(M101=0,"",IF(M101<3,"Low",IF(M101<6,"Medium","High"))) | M101: =PRODUCT(N101:O101) -> 0 | N101: =IF(J101="Low",1,IF(J101="Medium",2,IF(J101="High",3,0))) -> 0 | O101: =IF(K101="Low",1,IF(K101="Medium",2,IF(K101="High",3,0))) -> 0
A102: SD-02 | B102: Does the vendor use test or dummy data in development and testing? | C102: Yes | L102: =IF(M102=0,"",IF(M102<3,"Low",IF(M102<6,"Medium","High"))) | M102: =PRODUCT(N102:O102) -> 0 | N102: =IF(J102="Low",1,IF(J102="Medium",2,IF(J102="High",3,0))) -> 0 | O102: =IF(K102="Low",1,IF(K102="Medium",2,IF(K102="High",3,0))) -> 0
A103: SD-02a | B103: If no, what how is the data masked, obfuscated, or anonymized? | L103: =IF(M103=0,"",IF(M103<3,"Low",IF(M103<6,"Medium","High"))) | M103: =PRODUCT(N103:O103) -> 0 | N103: =IF(J103="Low",1,IF(J103="Medium",2,IF(J103="High",3,0))) -> 0 | O103: =IF(K103="Low",1,IF(K103="Medium",2,IF(K103="High",3,0))) -> 0
A104: SD-03 | B104: What controls does the vendor use to safeguard application source code? | C104: MS DevOps with restricted access to licensed users with EntraID authentication + MFA | L104: =IF(M104=0,"",IF(M104<3,"Low",IF(M104<6,"Medium","High"))) | M104: =PRODUCT(N104:O104) -> 0 | N104: =IF(J104="Low",1,IF(J104="Medium",2,IF(J104="High",3,0))) -> 0 | O104: =IF(K104="Low",1,IF(K104="Medium",2,IF(K104="High",3,0))) -> 0
...

Sheet Risk Matrix
A1: H+H Standard | B1: Security Controls | C1: Likelihood | D1: Impact | E1: Risk | F1: Risk Score
B2: =ApplicationQuestionnaire!B50 -> Supported infrastructure | C2: =ApplicationQuestionnaire!J50 -> 0 | D2: =ApplicationQuestionnaire!K50 -> 0 | E2: =ApplicationQuestionnaire!L50 -> 0 | F2: =ApplicationQuestionnaire!M50 -> 0
B3: =ApplicationQuestionnaire!B55 -> Supported remote acccess | C3: =ApplicationQuestionnaire!J55 -> 0 | D3: =ApplicationQuestionnaire!K55 -> 0 | E3: =ApplicationQuestionnaire!L55 | F3: =ApplicationQuestionnaire!M55 -> 0
B4: =ApplicationQuestionnaire!B65 -> Business Continuity and Disaster Recovery plans defined and implemented | C4: =ApplicationQuestionnaire!J65 -> 0 | D4: =ApplicationQuestionnaire!K65 -> 0 | E4: =ApplicationQuestionnaire!L65 | F4: =ApplicationQuestionnaire!M65 -> 0
B5: =ApplicationQuestionnaire!B88 -> Cloud Compliance (Application is ISO 27001, ISO 27018, SOC2, FedRAMP certified) | C5: =ApplicationQuestionnaire!J88 -> 0 | D5: =ApplicationQuestionnaire!K88 -> 0 | E5: =ApplicationQuestionnaire!L88 | F5: =ApplicationQuestionnaire!M88 -> 0
B6: =ApplicationQuestionnaire!B93 -> Standard data transfer method | C6: =ApplicationQuestionnaire!J93 -> 0 | D6: =ApplicationQuestionnaire!K93 -> 0 | E6: =ApplicationQuestionnaire!L93 | F6: =ApplicationQuestionnaire!M93 -> 0
B7: =ApplicationQuestionnaire!B106 -> Industry standard Software Development Life Cycle (SDLC) methodology used | C7: =ApplicationQuestionnaire!J106 -> 0 | D7: =ApplicationQuestionnaire!K106 -> 0 | E7: =ApplicationQuestionnaire!L106 | F7: =ApplicationQuestionnaire!M106 -> 0
B8: =ApplicationQuestionnaire!B130 -> Standards compliant encryption used for data-at-rest and data-in-motion | C8: =ApplicationQuestionnaire!J130 -> 0 | D8: =ApplicationQuestionnaire!K130 -> 0 | E8: =ApplicationQuestionnaire!L130 | F8: =ApplicationQuestionnaire!M130 -> 0
B9: =ApplicationQuestionnaire!B150 -> Active Directory integration supported | C9: =ApplicationQuestionnaire!J150 -> 0 | D9: =ApplicationQuestionnaire!K150 -> 0 | E9: =ApplicationQuestionnaire!L150 | F9: =ApplicationQuestionnaire!M150 -> 0
B10: =ApplicationQuestionnaire!B163 -> Security monitoring and audit well defined (Integration with SIEM/PPM supported) | C10: =ApplicationQuestionnaire!J163 -> 0 | D10: =ApplicationQuestionnaire!K163 -> 0 | E10: =ApplicationQuestionnaire!L163 | F10: =ApplicationQuestionnaire!M163 -> 0
B11: =ApplicationQuestionnaire!B170 -> Industry standard application security guidelines followed (Eg OWASP top 10 etc) | C11: =ApplicationQuestionnaire!J170 -> 0 | D11: =ApplicationQuestionnaire!K170 -> 0 | E11: =ApplicationQuestionnaire!L170 | F11: =ApplicationQuestionnaire!M170 -> 0
B12: =ApplicationQuestionnaire!B180 -> Vulnerability scans, penetration assessment peformed, issues remediated | C12: =ApplicationQuestionnaire!J180 -> 0 | D12: =ApplicationQuestionnaire!K180 -> 0 | E12: =ApplicationQuestionnaire!L180 | F12: =ApplicationQuestionnaire!M180 -> 0
B13: =ApplicationQuestionnaire!B192 -> Data Integrity controls | C13: =ApplicationQuestionnaire!J192 -> 0 | D13: =ApplicationQuestionnaire!K192 -> 0 | E13: =ApplicationQuestionnaire!L192 | F13: =ApplicationQuestionnaire!M192 -> 0
B14: =ApplicationQuestionnaire!B200 -> Vendor has well defined change management program | C14: =ApplicationQuestionnaire!J200 -> 0 | D14: =ApplicationQuestionnaire!K200 -> 0 | E14: =ApplicationQuestionnaire!L200 | F14: =ApplicationQuestionnaire!M200 -> 0
B15: =ApplicationQuestionnaire!B203 -> Well has well defined Incident management program | C15: =ApplicationQuestionnaire!J203 -> 0 | D15: =ApplicationQuestionnaire!K203 -> 0 | E15: =ApplicationQuestionnaire!L203 | F15: =ApplicationQuestionnaire!M203 -> 0
B16: =ApplicationQuestionnaire!B213 -> Vendor has formalized information security program and undergoes third party assessments at least annually | C16: =ApplicationQuestionnaire!J213 -> 0 | D16: =ApplicationQuestionnaire!K213 -> 0 | E16: =ApplicationQuestionnaire!L213 | F16: =ApplicationQuestionnaire!M213 -> 0
C17: Max Risk Score | F17: =MAX(F2:F16) -> 0
C18: Risk Threshold | F18: 6
C19: Review Status | F19: =IF(F17<=F18,"Approved","Not Approved") -> Approved
C21: Likelihood | Impact | D21: Low | E21: Medium | F21: High
C22: High | D22: 3 | E22: 6 | F22: 9
C23: Medium | D23: 2 | E23: 4 | F23: 6
C24: Low | D24: 1 | E24: 2 | F24: 3

Sheet ApprovalRequirements
C1: NYC Health + Hospitals (the System) Risk Assessment Approval Ver. 3.0f The solution described below is approved, subject to satisfactory completion of the listed requirements.
B3: Solution Name | C3: =ApplicationQuestionnaire!C3 -> PeriGen Fetal Monitoring System | D3: Business Owner | E3: =ApplicationQuestionnaire!E3 -> Wendy Wilcox | F3: Overall Risk Rating
B4: Assessement Type | C4: Application/System | D4: Project Manager: | E4: =ApplicationQuestionnaire!E4 -> Shamise Quinn | F4: Stores ePHI | G4: =ApplicationQuestionnaire!G4 -> 0
B5: Vendor Name | D5: EITS Owner: | E5: =ApplicationQuestionnaire!E5 -> Julio Santos | F5: ePHI Transfer | G5: =ApplicationQuestionnaire!G5 -> 0
B6: Vendor Contact | C6: =ApplicationQuestionnaire!E6 -> 0 | D6: Demand Number | E6: =ApplicationQuestionnaire!G3 -> DMND000013259 | F6: Externally Hosted | G6: =ApplicationQuestionnaire!G6 -> 0
B7: Date of Risk Assessors Review: | D7: Risk Reviewer: | E7: =ApplicationQuestionnaire!E8 -> 0 | F7: ISRM Approval | G7: =ApplicationQuestionnaire!G8 -> 0
B8: Date of Compliance Review: | D8: Compliance Reviewer: | E8: =ApplicationQuestionnaire!E9 -> 0 | F8: OCC Approval | G8: =ApplicationQuestionnaire!G9 -> 0
B9: Date all Approval Requirements Completed
B11: Approval Summary Comments
A13: Control ID | B13: Requirement | C13: Owner | D13: Requested by | E13: Required before testing? | F13: Due Date | G13: Actual Completion Date
B14: Actual requirements
A15: REQ-01
A16: REQ-02
A17: REQ-03
A18: REQ-04
A19: REQ-05
A20: REQ-06
A21: REQ-07
A22: REQ-08
A23: REQ-09
A24: REQ-10
A25: REQ-11
A26: REQ-12
... A64: REQ-50

Sheet Labels
A1: Application/System
A2: Device
A3: Data Transfer
A5: Yes
A6: No
A8: ISRM
A9: OCC
A11: N/A
A12: High
A13: Medium
A14: Low
